case,run,idx_noload_end,idx_start,idx_end,index_fixed,signal_length,status,note,time,DOC,feed,material_name,updated_at,idx_end_peng,idx_exit_start,has_exit,exit_confidence,exit_source
1,1,1286,2639,7054,7639,9000,labeled,"peng2026_inspired(sensor=smcDC,window=64,hop=1,stat=rms,idle_delta_ratio=0.35,reference=middle,xi=2.0,target_length=5000,merge_gap=32,fallback=False)",2,1.5,0.5,cast_iron,2026-05-28T16:20:56.557221+09:00,7639,7054,True,1.0,reverse_kurtosis_smcDC
1,2,1209,2554,7246,7554,9000,labeled,"peng2026_inspired(sensor=smcDC,window=64,hop=1,stat=rms,idle_delta_ratio=0.35,reference=middle,xi=2.0,target_length=5000,merge_gap=32,fallback=False)",4,1.5,0.5,cast_iron,2026-06-08T20:13:39.635360+09:00,7554,7246,True,1.0,reverse_kurtosis_smcDC
1,3,953,2295,7246,7295,9000,labeled,"peng2026_inspired(sensor=smcDC,window=64,hop=1,stat=rms,idle_delta_ratio=0.35,reference=middle,xi=2.0,target_length=5000,merge_gap=32,fallback=False)",6,1.5,0.5,cast_iron,2026-06-08T20:13:40.041038+09:00,7295,7246,True,1.0,reverse_kurtosis_smcDC
1,4,760,2224,7150,7224,9000,labeled,"peng2026_inspired(sensor=smcDC,window=64,hop=1,stat=rms,idle_delta_ratio=0.35,reference=middle,xi=2.0,target_length=5000,merge_gap=32,fallback=False)",7,1.5,0.5,cast_iron,2026-05-28T16:20:56.557221+09:00,7224,7150,True,1.0,reverse_kurtosis_smcDC
1,5,1112,2496,7406,7496,9000,labeled,"peng2026_inspired(sensor=smcDC,window=64,hop=1,stat=rms,idle_delta_ratio=0.35,reference=middle,xi=2.5,target_length=5000,merge_gap=32,fallback=False)",11,1.5,0.5,cast_iron,2026-06-08T20:13:40.439917+09:00,7496,7406,True,1.0,reverse_kurtosis_smcDC
1,6,1004,2448,7358,7448,9000,labeled,"peng2026_inspired(sensor=smcDC,window=64,hop=1,stat=rms,idle_delta_ratio=0.35,reference=middle,xi=2.5,target_length=5000,merge_gap=32,fallback=False)",15,1.5,0.5,cast_iron,2026-05-28T16:20:56.557221+09:00,7448,7358,True,1.0,reverse_kurtosis_smcDC
1,7,902,2375,6670,7375,9000,labeled,"peng2026_inspired(sensor=smcDC,window=64,hop=1,stat=rms,idle_delta_ratio=0.35,reference=middle,xi=2.5,target_length=5000,merge_gap=32,fallback=False)",19,1.5,0.5,cast_iron,2026-05-28T16:20:56.557221+09:00,7375,6670,True,1.0,reverse_kurtosis_smcDC
1,8,944,2165,7374,7165,9000,labeled,"peng2026_inspired(sensor=smcDC,window=64,hop=1,stat=rms,idle_delta_ratio=0.35,reference=middle,xi=2.0,target_length=5000,merge_gap=32,fallback=False)",22,1.5,0.5,cast_iron,2026-05-28T16:20:56.557221+09:00,7165,7374,True,1.0,reverse_kurtosis_smcDC
1,9,903,2060,7294,7060,9000,labeled,"peng2026_inspired(sensor=smcDC,window=64,hop=1,stat=rms,idle_delta_ratio=0.35,reference=middle,xi=2.0,target_length=5000,merge_gap=32,fallback=False)",26,1.5,0.5,cast_iron,2026-05-28T16:20:56.557221+09:00,7060,7294,True,1.0,reverse_kurtosis_smcDC
1,10,645,1689,7240,6689,9000,labeled,"peng2026_inspired(sensor=smcDC,window=64,hop=1,stat=rms,idle_delta_ratio=0.35,reference=middle,xi=2.0,target_length=5000,merge_gap=32,fallback=False)",29,1.5,0.5,cast_iron,2026-05-28T16:20:56.557221+09:00,6689,7240,True,1.0,reverse_kurtosis_smcDC
1,11,854,1691,7350,6691,9000,labeled,"peng2026_inspired(sensor=smcDC,window=64,hop=1,stat=rms,idle_delta_ratio=0.35,reference=middle,xi=2.0,target_length=5000,merge_gap=32,fallback=False)",32,1.5,0.5,cast_iron,2026-05-28T16:20:56.557221+09:00,6691,7350,True,1.0,reverse_kurtosis_smcDC
1,12,1316,2119,7838,7119,9000,labeled,"peng2026_inspired(sensor=smcDC,window=64,hop=1,stat=rms,idle_delta_ratio=0.35,reference=middle,xi=2.0,target_length=5000,merge_gap=32,fallback=False)",35,1.5,0.5,cast_iron,2026-05-28T16:20:56.557221+09:00,7119,7838,True,1.0,reverse_kurtosis_smcDC
1,13,1078,1810,7614,6810,9000,labeled,"peng2026_inspired(sensor=smcDC,window=64,hop=1,stat=rms,idle_delta_ratio=0.35,reference=middle,xi=2.0,target_length=5000,merge_gap=32,fallback=False)",38,1.5,0.5,cast_iron,2026-05-28T16:20:56.557221+09:00,6810,7614,True,1.0,reverse_kurtosis_smcDC
1,14,1046,1769,7534,6769,9000,labeled,"peng2026_inspired(sensor=smcDC,window=64,hop=1,stat=rms,idle_delta_ratio=0.35,reference=middle,xi=2.0,target_length=5000,merge_gap=32,fallback=False)",41,1.5,0.5,cast_iron,2026-05-28T16:20:56.557221+09:00,6769,7534,True,1.0,reverse_kurtosis_smcDC
1,15,956,1604,7646,6604,9000,labeled,"peng2026_inspired(sensor=smcDC,window=64,hop=1,stat=rms,idle_delta_ratio=0.35,reference=middle,xi=2.0,target_length=5000,merge_gap=32,fallback=False)",44,1.5,0.5,cast_iron,2026-05-28T16:20:56.557221+09:00,6604,7646,True,1.0,reverse_kurtosis_smcDC
1,16,880,1580,7406,6580,9000,labeled,"peng2026_inspired(sensor=smcDC,window=64,hop=1,stat=rms,idle_delta_ratio=0.35,reference=middle,xi=2.0,target_length=5000,merge_gap=32,fallback=False)",46,1.5,0.5,cast_iron,2026-06-08T20:13:40.861079+09:00,6580,7406,True,1.0,reverse_kurtosis_smcDC
1,17,689,1317,7370,6317,9000,labeled,"peng2026_inspired(sensor=smcDC,window=64,hop=1,stat=rms,idle_delta_ratio=0.35,reference=middle,xi=2.0,target_length=5000,merge_gap=32,fallback=False)",48,1.5,0.5,cast_iron,2026-05-28T16:20:56.557221+09:00,6317,7370,True,1.0,reverse_kurtosis_smcDC
2,2,912,2385,7294,7385,9000,labeled,"peng2026_inspired(sensor=smcDC,window=64,hop=1,stat=rms,idle_delta_ratio=0.35,reference=middle,xi=4.5,target_length=5000,merge_gap=32,fallback=False)",9,0.75,0.5,cast_iron,2026-05-28T16:20:56.557221+09:00,7385,7294,True,1.0,reverse_kurtosis_smcDC
2,3,459,1938,6846,6938,9000,labeled,"peng2026_inspired(sensor=smcDC,window=64,hop=1,stat=rms,idle_delta_ratio=0.35,reference=middle,xi=3.0,target_length=5000,merge_gap=32,fallback=False)",12,0.75,0.5,cast_iron,2026-05-28T16:20:56.557221+09:00,6938,6846,True,1.0,reverse_kurtosis_smcDC
2,4,1067,2489,7390,7489,9000,labeled,"peng2026_inspired(sensor=smcDC,window=64,hop=1,stat=rms,idle_delta_ratio=0.35,reference=middle,xi=3.5,target_length=5000,merge_gap=32,fallback=False)",15,0.75,0.5,cast_iron,2026-05-28T16:20:56.557221+09:00,7489,7390,True,1.0,reverse_kurtosis_smcDC
2,5,932,2354,7278,7354,9000,labeled,"peng2026_inspired(sensor=smcDC,window=64,hop=1,stat=rms,idle_delta_ratio=0.35,reference=middle,xi=2.0,target_length=5000,merge_gap=32,fallback=False)",22,0.75,0.5,cast_iron,2026-05-28T16:20:56.557221+09:00,7354,7278,True,1.0,reverse_kurtosis_smcDC
2,6,840,2249,7182,7249,9000,labeled,"peng2026_inspired(sensor=smcDC,window=64,hop=1,stat=rms,idle_delta_ratio=0.35,reference=middle,xi=2.0,target_length=5000,merge_gap=32,fallback=False)",24,0.75,0.5,cast_iron,2026-06-08T20:13:41.286691+09:00,7249,7182,True,1.0,reverse_kurtosis_smcDC
2,7,848,2165,7246,7165,9000,labeled,"peng2026_inspired(sensor=smcDC,window=64,hop=1,stat=rms,idle_delta_ratio=0.35,reference=middle,xi=2.0,target_length=5000,merge_gap=32,fallback=False)",27,0.75,0.5,cast_iron,2026-05-28T16:20:56.557221+09:00,7165,7246,True,1.0,reverse_kurtosis_smcDC
2,8,835,2270,7166,7270,9000,labeled,"peng2026_inspired(sensor=smcDC,window=64,hop=1,stat=rms,idle_delta_ratio=0.35,reference=middle,xi=2.5,target_length=5000,merge_gap=32,fallback=False)",33,0.75,0.5,cast_iron,2026-05-28T16:20:56.557221+09:00,7270,7166,True,1.0,reverse_kurtosis_smcDC
2,9,757,2225,7118,7225,9000,labeled,"peng2026_inspired(sensor=smcDC,window=64,hop=1,stat=rms,idle_delta_ratio=0.35,reference=middle,xi=None,target_length=5000,merge_gap=32,fallback=rolling_std)",39,0.75,0.5,cast_iron,2026-05-28T16:20:56.557221+09:00,7225,7118,True,1.0,reverse_kurtosis_smcDC
2,10,1813,3285,8174,8285,9000,labeled,"peng2026_inspired(sensor=smcDC,window=64,hop=1,stat=rms,idle_delta_ratio=0.35,reference=middle,xi=5.0,target_length=5000,merge_gap=32,fallback=False)",45,0.75,0.5,cast_iron,2026-05-28T16:20:56.557221+09:00,8285,8174,True,1.0,reverse_kurtosis_smcDC
2,11,911,2344,6942,7344,9000,labeled,"peng2026_inspired(sensor=smcDC,window=64,hop=1,stat=rms,idle_delta_ratio=0.35,reference=middle,xi=4.5,target_length=5000,merge_gap=32,fallback=False)",51,0.75,0.5,cast_iron,2026-05-28T16:20:56.557221+09:00,7344,6942,True,1.0,reverse_kurtosis_smcDC
2,12,710,2204,6894,7204,9000,labeled,"peng2026_inspired(sensor=smcDC,window=64,hop=1,stat=rms,idle_delta_ratio=0.35,reference=middle,xi=None,target_length=5000,merge_gap=32,fallback=rolling_std)",59,0.75,0.5,cast_iron,2026-05-28T16:20:56.557221+09:00,7204,6894,True,1.0,reverse_kurtosis_smcDC
2,13,796,2270,7248,7270,9000,labeled,"peng2026_inspired(sensor=smcDC,window=64,hop=1,stat=rms,idle_delta_ratio=0.35,reference=middle,xi=None,target_length=5000,merge_gap=32,fallback=rolling_std)",66,0.75,0.5,cast_iron,2026-05-28T16:20:56.557221+09:00,7270,7248,True,1.0,reverse_kurtosis_smcDC
2,14,1585,3145,8126,8145,9000,labeled,"peng2026_inspired(sensor=smcDC,window=64,hop=1,stat=rms,idle_delta_ratio=0.35,reference=middle,xi=None,target_length=5000,merge_gap=32,fallback=rolling_std)",72,0.75,0.5,cast_iron,2026-05-28T16:20:56.557221+09:00,8145,8126,True,1.0,reverse_kurtosis_smcDC
3,1,281,3998,9000,8998,9000,labeled,"peng2026_inspired(sensor=smcDC,window=64,hop=1,stat=rms,idle_delta_ratio=0.35,reference=middle,xi=2.0,target_length=5000,merge_gap=32,fallback=False)",0,0.75,0.25,cast_iron,2026-05-28T16:20:56.557221+09:00,8998,9000,False,0.0,reverse_kurtosis_smcDC
3,2,1057,3980,9000,8980,9000,labeled,"peng2026_inspired(sensor=smcDC,window=64,hop=1,stat=rms,idle_delta_ratio=0.35,reference=middle,xi=2.0,target_length=5000,merge_gap=32,fallback=False)",3,0.75,0.25,cast_iron,2026-05-28T16:20:56.557221+09:00,8980,9000,False,0.0,reverse_kurtosis_smcDC
3,3,1109,3928,9000,8928,9000,labeled,"peng2026_inspired(sensor=smcDC,window=64,hop=1,stat=rms,idle_delta_ratio=0.35,reference=middle,xi=2.0,target_length=5000,merge_gap=32,fallback=False)",9,0.75,0.25,cast_iron,2026-05-28T16:20:56.557221+09:00,8928,9000,False,0.0,reverse_kurtosis_smcDC
3,5,787,3968,9000,8968,9000,labeled,"peng2026_inspired(sensor=smcDC,window=64,hop=1,stat=rms,idle_delta_ratio=0.35,reference=middle,xi=2.0,target_length=5000,merge_gap=32,fallback=False)",21,0.75,0.25,cast_iron,2026-05-28T16:20:56.557221+09:00,8968,9000,False,0.0,reverse_kurtosis_smcDC
3,6,406,2740,9000,7740,9000,labeled,"peng2026_inspired(sensor=smcDC,window=64,hop=1,stat=rms,idle_delta_ratio=0.35,reference=middle,xi=2.0,target_length=5000,merge_gap=32,fallback=False)",27,0.75,0.25,cast_iron,2026-05-28T16:20:56.557221+09:00,7740,9000,False,0.0,reverse_kurtosis_smcDC
3,7,936,4000,9000,9000,9000,labeled,"peng2026_inspired(sensor=smcDC,window=64,hop=1,stat=rms,idle_delta_ratio=0.35,reference=middle,xi=2.0,target_length=5000,merge_gap=32,fallback=False)",33,0.75,0.25,cast_iron,2026-05-28T16:20:56.557221+09:00,9000,9000,False,0.0744047619047619,reverse_kurtosis_smcDC
3,8,637,4000,9000,9000,9000,labeled,"peng2026_inspired(sensor=smcDC,window=64,hop=1,stat=rms,idle_delta_ratio=0.35,reference=middle,xi=2.0,target_length=5000,merge_gap=32,fallback=False)",39,0.75,0.25,cast_iron,2026-05-28T16:20:56.557221+09:00,9000,9000,False,0.0,reverse_kurtosis_smcDC
3,9,2077,4000,9000,9000,9000,labeled,"peng2026_inspired(sensor=smcDC,window=64,hop=1,stat=rms,idle_delta_ratio=0.35,reference=middle,xi=4.0,target_length=5000,merge_gap=32,fallback=False)",45,0.75,0.25,cast_iron,2026-05-28T16:20:56.557221+09:00,9000,9000,False,0.015625,reverse_kurtosis_smcDC
3,10,720,3926,9000,8926,9000,labeled,"peng2026_inspired(sensor=smcDC,window=64,hop=1,stat=rms,idle_delta_ratio=0.35,reference=middle,xi=3.5,target_length=5000,merge_gap=32,fallback=False)",51,0.75,0.25,cast_iron,2026-05-28T16:20:56.557221+09:00,8926,9000,False,0.0,reverse_kurtosis_smcDC
3,11,832,3370,9000,8370,9000,labeled,"peng2026_inspired(sensor=smcDC,window=64,hop=1,stat=rms,idle_delta_ratio=0.35,reference=middle,xi=3.5,target_length=5000,merge_gap=32,fallback=False)",57,0.75,0.25,cast_iron,2026-05-28T16:20:56.557221+09:00,8370,9000,False,0.00390625,reverse_kurtosis_smcDC
3,12,857,3460,9000,8460,9000,labeled,"peng2026_inspired(sensor=smcDC,window=64,hop=1,stat=rms,idle_delta_ratio=0.35,reference=middle,xi=None,target_length=5000,merge_gap=32,fallback=rolling_std)",63,0.75,0.25,cast_iron,2026-05-28T16:20:56.557221+09:00,8460,9000,False,0.0,reverse_kurtosis_smcDC
3,14,963,2951,9000,7951,9000,labeled,"peng2026_inspired(sensor=smcDC,window=64,hop=1,stat=rms,idle_delta_ratio=0.35,reference=middle,xi=5.0,target_length=5000,merge_gap=32,fallback=False)",69,0.75,0.25,cast_iron,2026-05-28T16:20:56.557221+09:00,7951,9000,False,0.078125,reverse_kurtosis_smcDC
3,15,1335,3946,9000,8946,9000,labeled,"peng2026_inspired(sensor=smcDC,window=64,hop=1,stat=rms,idle_delta_ratio=0.35,reference=middle,xi=None,target_length=5000,merge_gap=32,fallback=rolling_std)",75,0.75,0.25,cast_iron,2026-05-28T16:20:56.557221+09:00,8946,9000,False,0.0,reverse_kurtosis_smcDC
3,16,824,4000,9000,9000,9000,labeled,"peng2026_inspired(sensor=smcDC,window=64,hop=1,stat=rms,idle_delta_ratio=0.35,reference=middle,xi=3.5,target_length=5000,merge_gap=32,fallback=False)",81,0.75,0.25,cast_iron,2026-05-28T16:20:56.557221+09:00,9000,9000,False,0.09375,reverse_kurtosis_smcDC
4,1,1139,3989,9000,8989,9000,labeled,"peng2026_inspired(sensor=smcDC,window=64,hop=1,stat=rms,idle_delta_ratio=0.35,reference=middle,xi=2.0,target_length=5000,merge_gap=32,fallback=False)",3,1.5,0.25,cast_iron,2026-05-28T16:20:56.557221+09:00,8989,9000,False,0.0,reverse_kurtosis_smcDC
4,2,919,3950,9000,8950,9000,labeled,"peng2026_inspired(sensor=smcDC,window=64,hop=1,stat=rms,idle_delta_ratio=0.35,reference=middle,xi=2.5,target_length=5000,merge_gap=32,fallback=False)",9,1.5,0.25,cast_iron,2026-05-28T16:20:56.557221+09:00,8950,9000,False,0.0,reverse_kurtosis_smcDC
4,3,891,3633,9000,8633,9000,labeled,"peng2026_inspired(sensor=smcDC,window=64,hop=1,stat=rms,idle_delta_ratio=0.35,reference=middle,xi=2.5,target_length=5000,merge_gap=32,fallback=False)",15,1.5,0.25,cast_iron,2026-05-28T16:20:56.557221+09:00,8633,9000,False,0.0,reverse_kurtosis_smcDC
4,4,876,3988,9000,8988,9000,labeled,"peng2026_inspired(sensor=smcDC,window=64,hop=1,stat=rms,idle_delta_ratio=0.35,reference=middle,xi=2.0,target_length=5000,merge_gap=32,fallback=False)",21,1.5,0.25,cast_iron,2026-05-28T16:20:56.557221+09:00,8988,9000,False,0.0,reverse_kurtosis_smcDC
4,5,1029,3346,9000,8346,9000,labeled,"peng2026_inspired(sensor=smcDC,window=64,hop=1,stat=rms,idle_delta_ratio=0.35,reference=middle,xi=2.0,target_length=5000,merge_gap=32,fallback=False)",27,1.5,0.25,cast_iron,2026-05-28T16:20:56.557221+09:00,8346,9000,False,0.0,reverse_kurtosis_smcDC
4,6,1062,3771,9000,8771,9000,labeled,"peng2026_inspired(sensor=smcDC,window=64,hop=1,stat=rms,idle_delta_ratio=0.35,reference=middle,xi=None,target_length=5000,merge_gap=32,fallback=rolling_std)",34,1.5,0.25,cast_iron,2026-05-28T16:20:56.557221+09:00,8771,9000,False,0.03515625,reverse_kurtosis_smcDC
4,7,833,3199,9000,8199,9000,labeled,"peng2026_inspired(sensor=smcDC,window=64,hop=1,stat=rms,idle_delta_ratio=0.35,reference=middle,xi=5.0,target_length=5000,merge_gap=32,fallback=False)",39,1.5,0.25,cast_iron,2026-05-28T16:20:56.557221+09:00,8199,9000,False,0.00390625,reverse_kurtosis_smcDC
5,1,495,2124,7006,7124,9000,labeled,"peng2026_inspired(sensor=smcDC,window=64,hop=1,stat=rms,idle_delta_ratio=0.35,reference=middle,xi=None,target_length=5000,merge_gap=32,fallback=rolling_std)",0,1.5,0.5,steel,2026-05-28T16:20:56.557221+09:00,7124,7006,True,1.0,reverse_kurtosis_smcDC
5,2,536,2260,7070,7260,9000,labeled,"peng2026_inspired(sensor=smcDC,window=64,hop=1,stat=rms,idle_delta_ratio=0.35,reference=middle,xi=None,target_length=5000,merge_gap=32,fallback=rolling_std)",3,1.5,0.5,steel,2026-05-28T16:20:56.557221+09:00,7260,7070,True,1.0,reverse_kurtosis_smcDC
5,3,662,2373,7182,7373,9000,labeled,"peng2026_inspired(sensor=smcDC,window=64,hop=1,stat=rms,idle_delta_ratio=0.35,reference=middle,xi=None,target_length=5000,merge_gap=32,fallback=rolling_std)",6,1.5,0.5,steel,2026-05-28T16:20:56.557221+09:00,7373,7182,True,1.0,reverse_kurtosis_smcDC
5,4,587,1195,7214,6195,9000,labeled,"peng2026_inspired(sensor=smcDC,window=64,hop=1,stat=rms,idle_delta_ratio=0.35,reference=middle,xi=2.0,target_length=5000,merge_gap=32,fallback=False)",9,1.5,0.5,steel,2026-05-28T16:20:56.557221+09:00,6195,7214,True,1.0,reverse_kurtosis_smcDC
5,5,477,1023,7298,6023,9000,labeled,"peng2026_inspired(sensor=smcDC,window=64,hop=1,stat=rms,idle_delta_ratio=0.35,reference=middle,xi=2.0,target_length=5000,merge_gap=32,fallback=False)",12,1.5,0.5,steel,2026-05-28T16:20:56.557221+09:00,6023,7298,True,1.0,reverse_kurtosis_smcDC
5,6,596,999,7294,5999,9000,labeled,"peng2026_inspired(sensor=smcDC,window=64,hop=1,stat=rms,idle_delta_ratio=0.35,reference=middle,xi=2.0,target_length=5000,merge_gap=32,fallback=False)",15,1.5,0.5,steel,2026-05-28T16:20:56.557221+09:00,5999,7294,True,1.0,reverse_kurtosis_smcDC
7,1,783,3227,9000,8227,9000,labeled,"peng2026_inspired(sensor=smcDC,window=64,hop=1,stat=rms,idle_delta_ratio=0.35,reference=middle,xi=2.0,target_length=5000,merge_gap=32,fallback=False)",1,0.75,0.25,steel,2026-05-28T16:20:56.557221+09:00,8227,9000,False,0.1323529411764706,reverse_kurtosis_smcDC
7,2,644,3053,9000,8053,9000,labeled,"peng2026_inspired(sensor=smcDC,window=64,hop=1,stat=rms,idle_delta_ratio=0.35,reference=middle,xi=2.0,target_length=5000,merge_gap=32,fallback=False)",3,0.75,0.25,steel,2026-05-28T16:20:56.557221+09:00,8053,9000,False,0.0,reverse_kurtosis_smcDC
7,3,948,3420,9000,8420,9000,labeled,"peng2026_inspired(sensor=smcDC,window=64,hop=1,stat=rms,idle_delta_ratio=0.35,reference=middle,xi=2.0,target_length=5000,merge_gap=32,fallback=False)",6,0.75,0.25,steel,2026-05-28T16:20:56.557221+09:00,8420,9000,False,0.0625,reverse_kurtosis_smcDC
7,4,734,3263,9000,8263,9000,labeled,"peng2026_inspired(sensor=smcDC,window=64,hop=1,stat=rms,idle_delta_ratio=0.35,reference=middle,xi=2.0,target_length=5000,merge_gap=32,fallback=False)",10,0.75,0.25,steel,2026-05-28T16:20:56.557221+09:00,8263,9000,False,0.0,reverse_kurtosis_smcDC
7,5,1525,3957,9000,8957,9000,labeled,"peng2026_inspired(sensor=smcDC,window=64,hop=1,stat=rms,idle_delta_ratio=0.35,reference=middle,xi=2.0,target_length=5000,merge_gap=32,fallback=False)",13,0.75,0.25,steel,2026-05-28T16:20:56.557221+09:00,8957,9000,False,0.0,reverse_kurtosis_smcDC
7,6,987,3530,9000,8530,9000,labeled,"peng2026_inspired(sensor=smcDC,window=64,hop=1,stat=rms,idle_delta_ratio=0.35,reference=middle,xi=2.0,target_length=5000,merge_gap=32,fallback=False)",15,0.75,0.25,steel,2026-05-28T16:20:56.557221+09:00,8530,9000,False,0.0625,reverse_kurtosis_smcDC
7,7,860,3361,9000,8361,9000,labeled,"peng2026_inspired(sensor=smcDC,window=64,hop=1,stat=rms,idle_delta_ratio=0.35,reference=middle,xi=3.0,target_length=5000,merge_gap=32,fallback=False)",19,0.75,0.25,steel,2026-05-28T16:20:56.557221+09:00,8361,9000,False,0.19,reverse_kurtosis_smcDC
7,8,1100,3826,9000,8826,9000,labeled,"peng2026_inspired(sensor=smcDC,window=64,hop=1,stat=rms,idle_delta_ratio=0.35,reference=middle,xi=2.0,target_length=5000,merge_gap=32,fallback=False)",21,0.75,0.25,steel,2026-06-08T20:13:41.710194+09:00,8826,9000,False,0.0,reverse_kurtosis_smcDC
8,1,531,2049,7054,7049,9000,labeled,"peng2026_inspired(sensor=smcDC,window=64,hop=1,stat=rms,idle_delta_ratio=0.35,reference=middle,xi=2.0,target_length=5000,merge_gap=32,fallback=False)",0,0.75,0.5,steel,2026-05-28T16:20:56.557221+09:00,7049,7054,True,1.0,reverse_kurtosis_smcDC
8,2,585,2095,7162,7095,9000,labeled,"peng2026_inspired(sensor=smcDC,window=64,hop=1,stat=rms,idle_delta_ratio=0.35,reference=middle,xi=2.0,target_length=5000,merge_gap=32,fallback=False)",3,0.75,0.5,steel,2026-05-28T16:20:56.557221+09:00,7095,7162,True,1.0,reverse_kurtosis_smcDC
8,3,577,1867,7134,6867,9000,labeled,"peng2026_inspired(sensor=smcDC,window=64,hop=1,stat=rms,idle_delta_ratio=0.35,reference=middle,xi=2.0,target_length=5000,merge_gap=32,fallback=False)",6,0.75,0.5,steel,2026-05-28T16:20:56.557221+09:00,6867,7134,True,1.0,reverse_kurtosis_smcDC
8,4,562,2153,7102,7153,9000,labeled,"peng2026_inspired(sensor=smcDC,window=64,hop=1,stat=rms,idle_delta_ratio=0.35,reference=middle,xi=2.0,target_length=5000,merge_gap=32,fallback=False)",8,0.75,0.5,steel,2026-06-08T20:13:42.145518+09:00,7153,7102,True,1.0,reverse_kurtosis_smcDC
8,5,604,2232,7214,7232,9000,labeled,"peng2026_inspired(sensor=smcDC,window=64,hop=1,stat=rms,idle_delta_ratio=0.35,reference=middle,xi=2.5,target_length=5000,merge_gap=32,fallback=False)",9,0.75,0.5,steel,2026-05-28T16:20:56.557221+09:00,7232,7214,True,1.0,reverse_kurtosis_smcDC
8,6,545,2124,7103,7124,9000,labeled,"peng2026_inspired(sensor=smcDC,window=64,hop=1,stat=rms,idle_delta_ratio=0.35,reference=middle,xi=4.5,target_length=5000,merge_gap=32,fallback=False)",12,0.75,0.5,steel,2026-05-28T16:20:56.557221+09:00,7124,7103,True,1.0,reverse_kurtosis_smcDC
9,1,649,1673,7000,6673,9000,labeled,"peng2026_inspired(sensor=smcDC,window=64,hop=1,stat=rms,idle_delta_ratio=0.35,reference=middle,xi=4.0,target_length=5000,merge_gap=32,fallback=False)",1,1.5,0.5,cast_iron,2026-05-28T16:20:56.557221+09:00,6673,7000,True,0.98125,reverse_kurtosis_smcDC
9,2,663,2071,6958,7071,9000,labeled,"peng2026_inspired(sensor=smcDC,window=64,hop=1,stat=rms,idle_delta_ratio=0.35,reference=middle,xi=5.0,target_length=5000,merge_gap=32,fallback=False)",3,1.5,0.5,cast_iron,2026-05-28T16:20:56.557221+09:00,7071,6958,True,1.0,reverse_kurtosis_smcDC
9,3,594,1960,6942,6960,9000,labeled,"peng2026_inspired(sensor=smcDC,window=64,hop=1,stat=rms,idle_delta_ratio=0.35,reference=middle,xi=None,target_length=5000,merge_gap=32,fallback=rolling_std)",9,1.5,0.5,cast_iron,2026-05-28T16:20:56.557221+09:00,6960,6942,True,1.0,reverse_kurtosis_smcDC
9,4,656,1963,7022,6963,9000,labeled,"peng2026_inspired(sensor=smcDC,window=64,hop=1,stat=rms,idle_delta_ratio=0.35,reference=middle,xi=5.0,target_length=5000,merge_gap=32,fallback=False)",16,1.5,0.5,cast_iron,2026-05-28T16:20:56.557221+09:00,6963,7022,True,1.0,reverse_kurtosis_smcDC
9,5,727,1804,7006,6804,9000,labeled,"peng2026_inspired(sensor=smcDC,window=64,hop=1,stat=rms,idle_delta_ratio=0.35,reference=middle,xi=2.0,target_length=5000,merge_gap=32,fallback=False)",22,1.5,0.5,cast_iron,2026-05-28T16:20:56.557221+09:00,6804,7006,True,1.0,reverse_kurtosis_smcDC
9,6,691,1596,7006,6596,9000,labeled,"peng2026_inspired(sensor=smcDC,window=64,hop=1,stat=rms,idle_delta_ratio=0.35,reference=middle,xi=2.0,target_length=5000,merge_gap=32,fallback=False)",28,1.5,0.5,cast_iron,2026-05-28T16:20:56.557221+09:00,6596,7006,True,1.0,reverse_kurtosis_smcDC
9,7,695,1408,7280,6408,9000,labeled,"peng2026_inspired(sensor=smcDC,window=64,hop=1,stat=rms,idle_delta_ratio=0.35,reference=middle,xi=2.0,target_length=5000,merge_gap=32,fallback=False)",34,1.5,0.5,cast_iron,2026-05-28T16:20:56.557221+09:00,6408,7280,True,1.0,reverse_kurtosis_smcDC
9,8,696,1257,7311,6257,9000,labeled,"peng2026_inspired(sensor=smcDC,window=64,hop=1,stat=rms,idle_delta_ratio=0.35,reference=middle,xi=2.0,target_length=5000,merge_gap=32,fallback=False)",40,1.5,0.5,cast_iron,2026-05-28T16:20:56.557221+09:00,6257,7311,True,1.0,reverse_kurtosis_smcDC
9,9,579,1045,7102,6045,9000,labeled,"peng2026_inspired(sensor=smcDC,window=64,hop=1,stat=rms,idle_delta_ratio=0.35,reference=middle,xi=2.0,target_length=5000,merge_gap=32,fallback=False)",46,1.5,0.5,cast_iron,2026-05-28T16:20:56.557221+09:00,6045,7102,True,1.0,reverse_kurtosis_smcDC
10,1,1338,3972,9000,8972,9000,labeled,"peng2026_inspired(sensor=smcDC,window=64,hop=1,stat=rms,idle_delta_ratio=0.35,reference=middle,xi=2.5,target_length=5000,merge_gap=32,fallback=False)",0,1.5,0.25,cast_iron,2026-05-28T16:20:56.557221+09:00,8972,9000,False,0.0,reverse_kurtosis_smcDC
10,2,1088,3993,9000,8993,9000,labeled,"peng2026_inspired(sensor=smcDC,window=64,hop=1,stat=rms,idle_delta_ratio=0.35,reference=middle,xi=2.0,target_length=5000,merge_gap=32,fallback=False)",4,1.5,0.25,cast_iron,2026-05-28T16:20:56.557221+09:00,8993,9000,False,0.03515625,reverse_kurtosis_smcDC
10,3,977,4000,9000,9000,9000,labeled,"peng2026_inspired(sensor=smcDC,window=64,hop=1,stat=rms,idle_delta_ratio=0.35,reference=middle,xi=2.0,target_length=5000,merge_gap=32,fallback=False)",9,1.5,0.25,cast_iron,2026-05-28T16:20:56.557221+09:00,9000,9000,False,0.0,reverse_kurtosis_smcDC
10,4,909,3980,9000,8980,9000,labeled,"peng2026_inspired(sensor=smcDC,window=64,hop=1,stat=rms,idle_delta_ratio=0.35,reference=middle,xi=2.0,target_length=5000,merge_gap=32,fallback=False)",15,1.5,0.25,cast_iron,2026-05-28T16:20:56.557221+09:00,8980,9000,False,0.0,reverse_kurtosis_smcDC
10,5,1096,4000,9000,9000,9000,labeled,"peng2026_inspired(sensor=smcDC,window=64,hop=1,stat=rms,idle_delta_ratio=0.35,reference=middle,xi=3.0,target_length=5000,merge_gap=32,fallback=False)",21,1.5,0.25,cast_iron,2026-05-28T16:20:56.557221+09:00,9000,9000,False,0.0,reverse_kurtosis_smcDC
10,6,1008,3847,9000,8847,9000,labeled,"peng2026_inspired(sensor=smcDC,window=64,hop=1,stat=rms,idle_delta_ratio=0.35,reference=middle,xi=None,target_length=5000,merge_gap=32,fallback=rolling_std)",27,1.5,0.25,cast_iron,2026-05-28T16:20:56.557221+09:00,8847,9000,False,0.0,reverse_kurtosis_smcDC
10,7,897,3937,9000,8937,9000,labeled,"peng2026_inspired(sensor=smcDC,window=64,hop=1,stat=rms,idle_delta_ratio=0.35,reference=middle,xi=None,target_length=5000,merge_gap=32,fallback=rolling_std)",33,1.5,0.25,cast_iron,2026-05-28T16:20:56.557221+09:00,8937,9000,False,0.0,reverse_kurtosis_smcDC
10,8,962,3416,9000,8416,9000,labeled,"peng2026_inspired(sensor=smcDC,window=64,hop=1,stat=rms,idle_delta_ratio=0.35,reference=middle,xi=2.0,target_length=5000,merge_gap=32,fallback=False)",39,1.5,0.25,cast_iron,2026-05-28T16:20:56.557221+09:00,8416,9000,False,0.0,reverse_kurtosis_smcDC
10,9,908,3099,9000,8099,9000,labeled,"peng2026_inspired(sensor=smcDC,window=64,hop=1,stat=rms,idle_delta_ratio=0.35,reference=middle,xi=2.0,target_length=5000,merge_gap=32,fallback=False)",45,1.5,0.25,cast_iron,2026-05-28T16:20:56.557221+09:00,8099,9000,False,0.0,reverse_kurtosis_smcDC
10,10,2173,3935,9000,8935,9000,labeled,"peng2026_inspired(sensor=smcDC,window=64,hop=1,stat=rms,idle_delta_ratio=0.35,reference=middle,xi=2.0,target_length=5000,merge_gap=32,fallback=False)",57,1.5,0.25,cast_iron,2026-05-28T16:20:56.557221+09:00,8935,9000,False,0.0,reverse_kurtosis_smcDC
11,1,1140,3967,9000,8967,9000,labeled,"peng2026_inspired(sensor=smcDC,window=64,hop=1,stat=rms,idle_delta_ratio=0.35,reference=middle,xi=2.0,target_length=5000,merge_gap=32,fallback=False)",1,0.75,0.25,cast_iron,2026-05-28T16:20:56.557221+09:00,8967,9000,False,0.0,reverse_kurtosis_smcDC
11,2,1122,3962,9000,8962,9000,labeled,"peng2026_inspired(sensor=smcDC,window=64,hop=1,stat=rms,idle_delta_ratio=0.35,reference=middle,xi=2.0,target_length=5000,merge_gap=32,fallback=False)",3,0.75,0.25,cast_iron,2026-05-28T16:20:56.557221+09:00,8962,9000,False,0.0,reverse_kurtosis_smcDC
11,3,1063,3953,9000,8953,9000,labeled,"peng2026_inspired(sensor=smcDC,window=64,hop=1,stat=rms,idle_delta_ratio=0.35,reference=middle,xi=2.0,target_length=5000,merge_gap=32,fallback=False)",10,0.75,0.25,cast_iron,2026-05-28T16:20:56.557221+09:00,8953,9000,False,0.0,reverse_kurtosis_smcDC
11,4,1010,3149,9000,8149,9000,labeled,"peng2026_inspired(sensor=smcDC,window=64,hop=1,stat=rms,idle_delta_ratio=0.35,reference=middle,xi=2.0,target_length=5000,merge_gap=32,fallback=False)",12,0.75,0.25,cast_iron,2026-05-28T16:20:56.557221+09:00,8149,9000,False,0.0,reverse_kurtosis_smcDC
11,5,928,3983,9000,8983,9000,labeled,"peng2026_inspired(sensor=smcDC,window=64,hop=1,stat=rms,idle_delta_ratio=0.35,reference=middle,xi=2.0,target_length=5000,merge_gap=32,fallback=False)",14,0.75,0.25,cast_iron,2026-05-28T16:20:56.557221+09:00,8983,9000,False,0.0625,reverse_kurtosis_smcDC
11,6,1131,3860,9000,8860,9000,labeled,"peng2026_inspired(sensor=smcDC,window=64,hop=1,stat=rms,idle_delta_ratio=0.35,reference=middle,xi=2.0,target_length=5000,merge_gap=32,fallback=False)",17,0.75,0.25,cast_iron,2026-05-28T16:20:56.557221+09:00,8860,9000,False,0.03515625,reverse_kurtosis_smcDC
11,7,849,3952,9000,8952,9000,labeled,"peng2026_inspired(sensor=smcDC,window=64,hop=1,stat=rms,idle_delta_ratio=0.35,reference=middle,xi=3.0,target_length=5000,merge_gap=32,fallback=False)",19,0.75,0.25,cast_iron,2026-06-08T20:13:42.560350+09:00,8952,9000,False,0.0,reverse_kurtosis_smcDC
11,8,899,3409,9000,8409,9000,labeled,"peng2026_inspired(sensor=smcDC,window=64,hop=1,stat=rms,idle_delta_ratio=0.35,reference=middle,xi=3.0,target_length=5000,merge_gap=32,fallback=False)",21,0.75,0.25,cast_iron,2026-05-28T16:20:56.557221+09:00,8409,9000,False,0.0,reverse_kurtosis_smcDC
11,9,830,3416,9000,8416,9000,labeled,"peng2026_inspired(sensor=smcDC,window=64,hop=1,stat=rms,idle_delta_ratio=0.35,reference=middle,xi=2.0,target_length=5000,merge_gap=32,fallback=False)",27,0.75,0.25,cast_iron,2026-05-28T16:20:56.557221+09:00,8416,9000,False,0.0,reverse_kurtosis_smcDC
11,10,879,3661,9000,8661,9000,labeled,"peng2026_inspired(sensor=smcDC,window=64,hop=1,stat=rms,idle_delta_ratio=0.35,reference=middle,xi=2.0,target_length=5000,merge_gap=32,fallback=False)",33,0.75,0.25,cast_iron,2026-05-28T16:20:56.557221+09:00,8661,9000,False,0.0,reverse_kurtosis_smcDC
11,11,635,3528,9000,8528,9000,labeled,"peng2026_inspired(sensor=smcDC,window=64,hop=1,stat=rms,idle_delta_ratio=0.35,reference=middle,xi=2.0,target_length=5000,merge_gap=32,fallback=False)",39,0.75,0.25,cast_iron,2026-05-28T16:20:56.557221+09:00,8528,9000,False,0.0,reverse_kurtosis_smcDC
11,12,936,3584,9000,8584,9000,labeled,"peng2026_inspired(sensor=smcDC,window=64,hop=1,stat=rms,idle_delta_ratio=0.35,reference=middle,xi=2.0,target_length=5000,merge_gap=32,fallback=False)",45,0.75,0.25,cast_iron,2026-05-28T16:20:56.557221+09:00,8584,9000,False,0.0,reverse_kurtosis_smcDC
11,13,664,3724,9000,8724,9000,labeled,"peng2026_inspired(sensor=smcDC,window=64,hop=1,stat=rms,idle_delta_ratio=0.35,reference=middle,xi=2.0,target_length=5000,merge_gap=32,fallback=False)",51,0.75,0.25,cast_iron,2026-05-28T16:20:56.557221+09:00,8724,9000,False,0.015625,reverse_kurtosis_smcDC
11,14,686,3236,9000,8236,9000,labeled,"peng2026_inspired(sensor=smcDC,window=64,hop=1,stat=rms,idle_delta_ratio=0.35,reference=middle,xi=2.0,target_length=5000,merge_gap=32,fallback=False)",54,0.75,0.25,cast_iron,2026-06-08T20:13:42.992062+09:00,8236,9000,False,0.03515625,reverse_kurtosis_smcDC
11,15,791,3915,9000,8915,9000,labeled,"peng2026_inspired(sensor=smcDC,window=64,hop=1,stat=rms,idle_delta_ratio=0.35,reference=middle,xi=2.0,target_length=5000,merge_gap=32,fallback=False)",57,0.75,0.25,cast_iron,2026-05-28T16:20:56.557221+09:00,8915,9000,False,0.19,reverse_kurtosis_smcDC
11,16,848,3878,9000,8878,9000,labeled,"peng2026_inspired(sensor=smcDC,window=64,hop=1,stat=rms,idle_delta_ratio=0.35,reference=middle,xi=2.0,target_length=5000,merge_gap=32,fallback=False)",63,0.75,0.25,cast_iron,2026-05-28T16:20:56.557221+09:00,8878,9000,False,0.0,reverse_kurtosis_smcDC
11,17,743,3859,9000,8859,9000,labeled,"peng2026_inspired(sensor=smcDC,window=64,hop=1,stat=rms,idle_delta_ratio=0.35,reference=middle,xi=2.0,target_length=5000,merge_gap=32,fallback=False)",67,0.75,0.25,cast_iron,2026-06-08T20:13:43.443951+09:00,8859,9000,False,0.0,reverse_kurtosis_smcDC
11,18,628,3102,9000,8102,9000,labeled,"peng2026_inspired(sensor=smcDC,window=64,hop=1,stat=rms,idle_delta_ratio=0.35,reference=middle,xi=2.0,target_length=5000,merge_gap=32,fallback=False)",72,0.75,0.25,cast_iron,2026-05-28T16:20:56.557221+09:00,8102,9000,False,0.015625,reverse_kurtosis_smcDC
11,19,818,3550,9000,8550,9000,labeled,"peng2026_inspired(sensor=smcDC,window=64,hop=1,stat=rms,idle_delta_ratio=0.35,reference=middle,xi=2.5,target_length=5000,merge_gap=32,fallback=False)",80,0.75,0.25,cast_iron,2026-05-28T16:20:56.557221+09:00,8550,9000,False,0.015625,reverse_kurtosis_smcDC
11,20,633,3744,9000,8744,9000,labeled,"peng2026_inspired(sensor=smcDC,window=64,hop=1,stat=rms,idle_delta_ratio=0.35,reference=middle,xi=None,target_length=5000,merge_gap=32,fallback=rolling_std)",86,0.75,0.25,cast_iron,2026-05-28T16:20:56.557221+09:00,8744,9000,False,0.0,reverse_kurtosis_smcDC
11,21,862,3725,9000,8725,9000,labeled,"peng2026_inspired(sensor=smcDC,window=64,hop=1,stat=rms,idle_delta_ratio=0.35,reference=middle,xi=2.5,target_length=5000,merge_gap=32,fallback=False)",93,0.75,0.25,cast_iron,2026-05-28T16:20:56.557221+09:00,8725,9000,False,0.0,reverse_kurtosis_smcDC
11,22,768,3560,9000,8560,9000,labeled,"peng2026_inspired(sensor=smcDC,window=64,hop=1,stat=rms,idle_delta_ratio=0.35,reference=middle,xi=None,target_length=5000,merge_gap=32,fallback=rolling_std)",100,0.75,0.25,cast_iron,2026-05-28T16:20:56.557221+09:00,8560,9000,False,0.0,reverse_kurtosis_smcDC
11,23,1346,3662,9000,8662,9000,labeled,"peng2026_inspired(sensor=smcDC,window=64,hop=1,stat=rms,idle_delta_ratio=0.35,reference=middle,xi=None,target_length=5000,merge_gap=32,fallback=rolling_std)",105,0.75,0.25,cast_iron,2026-05-28T16:20:56.557221+09:00,8662,9000,False,0.015625,reverse_kurtosis_smcDC
12,2,653,2116,7022,7116,9000,labeled,"peng2026_inspired(sensor=smcDC,window=64,hop=1,stat=rms,idle_delta_ratio=0.35,reference=middle,xi=2.0,target_length=5000,merge_gap=32,fallback=False)",3,0.75,0.5,cast_iron,2026-05-28T16:20:56.557221+09:00,7116,7022,True,1.0,reverse_kurtosis_smcDC
12,3,462,1911,6830,6911,9000,labeled,"peng2026_inspired(sensor=smcDC,window=64,hop=1,stat=rms,idle_delta_ratio=0.35,reference=middle,xi=2.0,target_length=5000,merge_gap=32,fallback=False)",6,0.75,0.5,cast_iron,2026-05-28T16:20:56.557221+09:00,6911,6830,True,1.0,reverse_kurtosis_smcDC
12,4,512,1847,6814,6847,9000,labeled,"peng2026_inspired(sensor=smcDC,window=64,hop=1,stat=rms,idle_delta_ratio=0.35,reference=middle,xi=2.0,target_length=5000,merge_gap=32,fallback=False)",12,0.75,0.5,cast_iron,2026-06-08T20:13:43.876093+09:00,6847,6814,True,1.0,reverse_kurtosis_smcDC
12,5,547,1936,6830,6936,9000,labeled,"peng2026_inspired(sensor=smcDC,window=64,hop=1,stat=rms,idle_delta_ratio=0.35,reference=middle,xi=2.0,target_length=5000,merge_gap=32,fallback=False)",19,0.75,0.5,cast_iron,2026-05-28T16:20:56.557221+09:00,6936,6830,True,1.0,reverse_kurtosis_smcDC
12,6,598,2145,7038,7145,9000,labeled,"peng2026_inspired(sensor=smcDC,window=64,hop=1,stat=rms,idle_delta_ratio=0.35,reference=middle,xi=2.0,target_length=5000,merge_gap=32,fallback=False)",24,0.75,0.5,cast_iron,2026-05-28T16:20:56.557221+09:00,7145,7038,True,1.0,reverse_kurtosis_smcDC
12,7,557,1871,7010,6871,9000,labeled,"peng2026_inspired(sensor=smcDC,window=64,hop=1,stat=rms,idle_delta_ratio=0.35,reference=middle,xi=2.0,target_length=5000,merge_gap=32,fallback=False)",30,0.75,0.5,cast_iron,2026-05-28T16:20:56.557221+09:00,6871,7010,True,0.971875,reverse_kurtosis_smcDC
12,8,532,1990,6990,6990,9000,labeled,"peng2026_inspired(sensor=smcDC,window=64,hop=1,stat=rms,idle_delta_ratio=0.35,reference=middle,xi=2.0,target_length=5000,merge_gap=32,fallback=False)",36,0.75,0.5,cast_iron,2026-05-28T16:20:56.557221+09:00,6990,6990,True,1.0,reverse_kurtosis_smcDC
12,9,481,2052,6942,7052,9000,labeled,"peng2026_inspired(sensor=smcDC,window=64,hop=1,stat=rms,idle_delta_ratio=0.35,reference=middle,xi=5.0,target_length=5000,merge_gap=32,fallback=False)",42,0.75,0.5,cast_iron,2026-05-28T16:20:56.557221+09:00,7052,6942,True,1.0,reverse_kurtosis_smcDC
12,10,421,2019,6974,7019,9000,labeled,"peng2026_inspired(sensor=smcDC,window=64,hop=1,stat=rms,idle_delta_ratio=0.35,reference=middle,xi=None,target_length=5000,merge_gap=32,fallback=rolling_std)",45,0.75,0.5,cast_iron,2026-06-08T20:13:44.347137+09:00,7019,6974,True,1.0,reverse_kurtosis_smcDC
12,11,590,1983,6894,6983,9000,labeled,"peng2026_inspired(sensor=smcDC,window=64,hop=1,stat=rms,idle_delta_ratio=0.35,reference=middle,xi=None,target_length=5000,merge_gap=32,fallback=rolling_std)",49,0.75,0.5,cast_iron,2026-05-28T16:20:56.557221+09:00,6983,6894,True,1.0,reverse_kurtosis_smcDC
12,12,701,1221,7012,6221,9000,labeled,"peng2026_inspired(sensor=smcDC,window=64,hop=1,stat=rms,idle_delta_ratio=0.35,reference=middle,xi=None,target_length=5000,merge_gap=32,fallback=rolling_std)",55,0.75,0.5,cast_iron,2026-05-28T16:20:56.557221+09:00,6221,7012,True,1.0,reverse_kurtosis_smcDC
12,13,701,2102,7006,7102,9000,labeled,"peng2026_inspired(sensor=smcDC,window=64,hop=1,stat=rms,idle_delta_ratio=0.35,reference=middle,xi=None,target_length=5000,merge_gap=32,fallback=rolling_std)",61,0.75,0.5,cast_iron,2026-05-28T16:20:56.557221+09:00,7102,7006,True,1.0,reverse_kurtosis_smcDC
12,14,603,1942,7054,6942,9000,labeled,"peng2026_inspired(sensor=smcDC,window=64,hop=1,stat=rms,idle_delta_ratio=0.35,reference=middle,xi=None,target_length=5000,merge_gap=32,fallback=rolling_std)",67,0.75,0.5,cast_iron,2026-05-28T16:20:56.557221+09:00,6942,7054,True,1.0,reverse_kurtosis_smcDC
12,15,512,1939,6846,6939,9000,labeled,"peng2026_inspired(sensor=smcDC,window=64,hop=1,stat=rms,idle_delta_ratio=0.35,reference=middle,xi=None,target_length=5000,merge_gap=32,fallback=rolling_std)",74,0.75,0.5,cast_iron,2026-05-28T16:20:56.557221+09:00,6939,6846,True,1.0,reverse_kurtosis_smcDC
13,1,1457,4000,9000,9000,9000,labeled,"peng2026_inspired(sensor=smcDC,window=64,hop=1,stat=rms,idle_delta_ratio=0.35,reference=middle,xi=2.0,target_length=5000,merge_gap=32,fallback=False)",1,0.75,0.25,steel,2026-06-08T20:13:44.763118+09:00,9000,9000,False,0.0,reverse_kurtosis_smcDC
13,2,733,3986,9000,8986,9000,labeled,"peng2026_inspired(sensor=smcDC,window=64,hop=1,stat=rms,idle_delta_ratio=0.35,reference=middle,xi=2.0,target_length=5000,merge_gap=32,fallback=False)",2,0.75,0.25,steel,2026-06-08T20:13:45.219972+09:00,8986,9000,False,0.0,reverse_kurtosis_smcDC
13,3,668,3662,9000,8662,9000,labeled,"peng2026_inspired(sensor=smcDC,window=64,hop=1,stat=rms,idle_delta_ratio=0.35,reference=middle,xi=2.0,target_length=5000,merge_gap=32,fallback=False)",4,0.75,0.25,steel,2026-05-28T16:20:56.557221+09:00,8662,9000,False,0.0,reverse_kurtosis_smcDC
13,4,618,3892,9000,8892,9000,labeled,"peng2026_inspired(sensor=smcDC,window=64,hop=1,stat=rms,idle_delta_ratio=0.35,reference=middle,xi=2.0,target_length=5000,merge_gap=32,fallback=False)",7,0.75,0.25,steel,2026-05-28T16:20:56.557221+09:00,8892,9000,False,0.19,reverse_kurtosis_smcDC
13,5,926,3885,9000,8885,9000,labeled,"peng2026_inspired(sensor=smcDC,window=64,hop=1,stat=rms,idle_delta_ratio=0.35,reference=middle,xi=2.0,target_length=5000,merge_gap=32,fallback=False)",11,0.75,0.25,steel,2026-05-28T16:20:56.557221+09:00,8885,9000,False,0.0,reverse_kurtosis_smcDC
13,6,739,3978,9000,8978,9000,labeled,"peng2026_inspired(sensor=smcDC,window=64,hop=1,stat=rms,idle_delta_ratio=0.35,reference=middle,xi=2.0,target_length=5000,merge_gap=32,fallback=False)",16,0.75,0.25,steel,2026-05-28T16:20:56.557221+09:00,8978,9000,False,0.015625,reverse_kurtosis_smcDC
13,7,483,3145,9000,8145,9000,labeled,"peng2026_inspired(sensor=smcDC,window=64,hop=1,stat=rms,idle_delta_ratio=0.35,reference=middle,xi=2.0,target_length=5000,merge_gap=32,fallback=False)",19,0.75,0.25,steel,2026-05-28T16:20:56.557221+09:00,8145,9000,False,0.0,reverse_kurtosis_smcDC
13,8,745,3432,9000,8432,9000,labeled,"peng2026_inspired(sensor=smcDC,window=64,hop=1,stat=rms,idle_delta_ratio=0.35,reference=middle,xi=2.0,target_length=5000,merge_gap=32,fallback=False)",22,0.75,0.25,steel,2026-05-28T16:20:56.557221+09:00,8432,9000,False,0.0,reverse_kurtosis_smcDC
13,9,907,3847,9000,8847,9000,labeled,"peng2026_inspired(sensor=smcDC,window=64,hop=1,stat=rms,idle_delta_ratio=0.35,reference=middle,xi=2.0,target_length=5000,merge_gap=32,fallback=False)",25,0.75,0.25,steel,2026-05-28T16:20:56.557221+09:00,8847,9000,False,0.0,reverse_kurtosis_smcDC
13,10,704,3897,9000,8897,9000,labeled,"peng2026_inspired(sensor=smcDC,window=64,hop=1,stat=rms,idle_delta_ratio=0.35,reference=middle,xi=2.0,target_length=5000,merge_gap=32,fallback=False)",29,0.75,0.25,steel,2026-05-28T16:20:56.557221+09:00,8897,9000,False,0.0,reverse_kurtosis_smcDC
13,11,461,3714,9000,8714,9000,labeled,"peng2026_inspired(sensor=smcDC,window=64,hop=1,stat=rms,idle_delta_ratio=0.35,reference=middle,xi=2.0,target_length=5000,merge_gap=32,fallback=False)",32,0.75,0.25,steel,2026-05-28T16:20:56.557221+09:00,8714,9000,False,0.0,reverse_kurtosis_smcDC
13,12,618,3339,9000,8339,9000,labeled,"peng2026_inspired(sensor=smcDC,window=64,hop=1,stat=rms,idle_delta_ratio=0.35,reference=middle,xi=2.0,target_length=5000,merge_gap=32,fallback=False)",35,0.75,0.25,steel,2026-05-28T16:20:56.557221+09:00,8339,9000,False,0.0,reverse_kurtosis_smcDC
13,13,697,3393,9000,8393,9000,labeled,"peng2026_inspired(sensor=smcDC,window=64,hop=1,stat=rms,idle_delta_ratio=0.35,reference=middle,xi=None,target_length=5000,merge_gap=32,fallback=rolling_std)",38,0.75,0.25,steel,2026-05-28T16:20:56.557221+09:00,8393,9000,False,0.0,reverse_kurtosis_smcDC
13,14,808,3078,9000,8078,9000,labeled,"peng2026_inspired(sensor=smcDC,window=64,hop=1,stat=rms,idle_delta_ratio=0.35,reference=middle,xi=2.0,target_length=5000,merge_gap=32,fallback=False)",42,0.75,0.25,steel,2026-05-28T16:20:56.557221+09:00,8078,9000,False,0.0,reverse_kurtosis_smcDC
13,15,492,2814,9000,7814,9000,labeled,"peng2026_inspired(sensor=smcDC,window=64,hop=1,stat=rms,idle_delta_ratio=0.35,reference=middle,xi=2.0,target_length=5000,merge_gap=32,fallback=False)",45,0.75,0.25,steel,2026-05-28T16:20:56.557221+09:00,7814,9000,False,0.0,reverse_kurtosis_smcDC
14,1,779,1849,7362,6849,9000,labeled,"peng2026_inspired(sensor=smcDC,window=64,hop=1,stat=rms,idle_delta_ratio=0.35,reference=middle,xi=2.5,target_length=5000,merge_gap=32,fallback=False)",1,0.75,0.5,steel,2026-06-08T20:13:45.651708+09:00,6849,7362,True,1.0,reverse_kurtosis_smcDC
14,2,355,1500,6924,6500,9000,labeled,"peng2026_inspired(sensor=smcDC,window=64,hop=1,stat=rms,idle_delta_ratio=0.35,reference=middle,xi=2.0,target_length=5000,merge_gap=32,fallback=False)",3,0.75,0.5,steel,2026-05-28T16:20:56.557221+09:00,6500,6924,True,1.0,reverse_kurtosis_smcDC
14,3,558,2142,7054,7142,9000,labeled,"peng2026_inspired(sensor=smcDC,window=64,hop=1,stat=rms,idle_delta_ratio=0.35,reference=middle,xi=2.0,target_length=5000,merge_gap=32,fallback=False)",6,0.75,0.5,steel,2026-05-28T16:20:56.557221+09:00,7142,7054,True,1.0,reverse_kurtosis_smcDC
14,4,586,2231,7102,7231,9000,labeled,"peng2026_inspired(sensor=smcDC,window=64,hop=1,stat=rms,idle_delta_ratio=0.35,reference=middle,xi=4.5,target_length=5000,merge_gap=32,fallback=False)",9,0.75,0.5,steel,2026-05-28T16:20:56.557221+09:00,7231,7102,True,1.0,reverse_kurtosis_smcDC
14,5,593,2155,7118,7155,9000,labeled,"peng2026_inspired(sensor=smcDC,window=64,hop=1,stat=rms,idle_delta_ratio=0.35,reference=middle,xi=4.0,target_length=5000,merge_gap=32,fallback=False)",11,0.75,0.5,steel,2026-06-08T20:13:46.072005+09:00,7155,7118,True,1.0,reverse_kurtosis_smcDC
14,6,541,2042,7038,7042,9000,labeled,"peng2026_inspired(sensor=smcDC,window=64,hop=1,stat=rms,idle_delta_ratio=0.35,reference=middle,xi=2.0,target_length=5000,merge_gap=32,fallback=False)",12,0.75,0.5,steel,2026-05-28T16:20:56.557221+09:00,7042,7038,True,1.0,reverse_kurtosis_smcDC
14,8,547,1741,7114,6741,9000,labeled,"peng2026_inspired(sensor=smcDC,window=64,hop=1,stat=rms,idle_delta_ratio=0.35,reference=middle,xi=2.0,target_length=5000,merge_gap=32,fallback=False)",18,0.75,0.5,steel,2026-05-28T16:20:56.557221+09:00,6741,7114,True,1.0,reverse_kurtosis_smcDC
14,9,603,1465,7224,6465,9000,labeled,"peng2026_inspired(sensor=smcDC,window=64,hop=1,stat=rms,idle_delta_ratio=0.35,reference=middle,xi=2.0,target_length=5000,merge_gap=32,fallback=False)",21,0.75,0.5,steel,2026-05-28T16:20:56.557221+09:00,6465,7224,True,1.0,reverse_kurtosis_smcDC
14,10,545,1319,7038,6319,9000,labeled,"peng2026_inspired(sensor=smcDC,window=64,hop=1,stat=rms,idle_delta_ratio=0.35,reference=middle,xi=2.0,target_length=5000,merge_gap=32,fallback=False)",24,0.75,0.5,steel,2026-05-28T16:20:56.557221+09:00,6319,7038,True,1.0,reverse_kurtosis_smcDC
15,1,864,3918,9000,8918,9000,labeled,"peng2026_inspired(sensor=smcDC,window=64,hop=1,stat=rms,idle_delta_ratio=0.35,reference=middle,xi=2.0,target_length=5000,merge_gap=32,fallback=False)",1,1.5,0.25,steel,2026-06-08T20:13:46.495856+09:00,8918,9000,False,0.0,reverse_kurtosis_smcDC
15,2,755,3477,9000,8477,9000,labeled,"peng2026_inspired(sensor=smcDC,window=64,hop=1,stat=rms,idle_delta_ratio=0.35,reference=middle,xi=2.0,target_length=5000,merge_gap=32,fallback=False)",3,1.5,0.25,steel,2026-05-28T16:20:56.557221+09:00,8477,9000,False,0.0,reverse_kurtosis_smcDC
15,3,847,3237,9000,8237,9000,labeled,"peng2026_inspired(sensor=smcDC,window=64,hop=1,stat=rms,idle_delta_ratio=0.35,reference=middle,xi=4.0,target_length=5000,merge_gap=32,fallback=False)",6,1.5,0.25,steel,2026-05-28T16:20:56.557221+09:00,8237,9000,False,0.0,reverse_kurtosis_smcDC
15,4,896,3993,9000,8993,9000,labeled,"peng2026_inspired(sensor=smcDC,window=64,hop=1,stat=rms,idle_delta_ratio=0.35,reference=middle,xi=2.0,target_length=5000,merge_gap=32,fallback=False)",9,1.5,0.25,steel,2026-05-28T16:20:56.557221+09:00,8993,9000,False,0.03515625,reverse_kurtosis_smcDC
15,5,758,3617,9000,8617,9000,labeled,"peng2026_inspired(sensor=smcDC,window=64,hop=1,stat=rms,idle_delta_ratio=0.35,reference=middle,xi=2.5,target_length=5000,merge_gap=32,fallback=False)",13,1.5,0.25,steel,2026-05-28T16:20:56.557221+09:00,8617,9000,False,0.0,reverse_kurtosis_smcDC
15,6,732,3868,9000,8868,9000,labeled,"peng2026_inspired(sensor=smcDC,window=64,hop=1,stat=rms,idle_delta_ratio=0.35,reference=middle,xi=2.5,target_length=5000,merge_gap=32,fallback=False)",16,1.5,0.25,steel,2026-05-28T16:20:56.557221+09:00,8868,9000,False,0.0,reverse_kurtosis_smcDC
15,7,807,2518,9000,7518,9000,labeled,"peng2026_inspired(sensor=smcDC,window=64,hop=1,stat=rms,idle_delta_ratio=0.35,reference=middle,xi=2.0,target_length=5000,merge_gap=32,fallback=False)",19,1.5,0.25,steel,2026-05-28T16:20:56.557221+09:00,7518,9000,False,0.0,reverse_kurtosis_smcDC
16,1,612,2208,7118,7208,9000,labeled,"peng2026_inspired(sensor=smcDC,window=64,hop=1,stat=rms,idle_delta_ratio=0.35,reference=middle,xi=None,target_length=5000,merge_gap=32,fallback=rolling_std)",1,1.5,0.5,steel,2026-06-08T20:13:46.941165+09:00,7208,7118,True,1.0,reverse_kurtosis_smcDC
16,2,508,1558,7038,6558,9000,labeled,"peng2026_inspired(sensor=smcDC,window=64,hop=1,stat=rms,idle_delta_ratio=0.35,reference=middle,xi=2.0,target_length=5000,merge_gap=32,fallback=False)",2,1.5,0.5,steel,2026-06-08T20:13:47.369976+09:00,6558,7038,True,1.0,reverse_kurtosis_smcDC
16,3,738,1534,7214,6534,9000,labeled,"peng2026_inspired(sensor=smcDC,window=64,hop=1,stat=rms,idle_delta_ratio=0.35,reference=middle,xi=2.0,target_length=5000,merge_gap=32,fallback=False)",3,1.5,0.5,steel,2026-05-28T16:20:56.557221+09:00,6534,7214,True,1.0,reverse_kurtosis_smcDC
16,4,625,1250,7150,6250,9000,labeled,"peng2026_inspired(sensor=smcDC,window=64,hop=1,stat=rms,idle_delta_ratio=0.35,reference=middle,xi=2.0,target_length=5000,merge_gap=32,fallback=False)",4,1.5,0.5,steel,2026-06-08T20:13:47.802891+09:00,6250,7150,True,1.0,reverse_kurtosis_smcDC
16,5,513,1164,7197,6164,9000,labeled,"peng2026_inspired(sensor=smcDC,window=64,hop=1,stat=rms,idle_delta_ratio=0.35,reference=middle,xi=2.0,target_length=5000,merge_gap=32,fallback=False)",6,1.5,0.5,steel,2026-05-28T16:20:56.557221+09:00,6164,7197,True,1.0,reverse_kurtosis_smcDC
16,6,617,1146,7134,6146,9000,labeled,"peng2026_inspired(sensor=smcDC,window=64,hop=1,stat=rms,idle_delta_ratio=0.35,reference=middle,xi=2.0,target_length=5000,merge_gap=32,fallback=False)",9,1.5,0.5,steel,2026-05-28T16:20:56.557221+09:00,6146,7134,True,1.0,reverse_kurtosis_smcDC
