case,run,idx_noload_end,idx_start,idx_end,index_fixed,signal_length,status,note,time,DOC,feed,material_name,updated_at
1,1,1286,4511,7511,7511,9000,labeled,"peng2026_inspired(sensor=smcDC,window=64,hop=1,stat=rms,idle_delta_ratio=0.35,reference=middle,xi=2.0,target_length=3000,merge_gap=32,fallback=False)",2,1.5,0.5,cast_iron,2026-05-28T16:20:56.557237+09:00
1,4,760,3843,6843,6843,9000,labeled,"peng2026_inspired(sensor=smcDC,window=64,hop=1,stat=rms,idle_delta_ratio=0.35,reference=middle,xi=2.0,target_length=3000,merge_gap=32,fallback=False)",7,1.5,0.5,cast_iron,2026-05-28T16:20:56.557237+09:00
1,6,1004,2596,5596,5596,9000,labeled,"peng2026_inspired(sensor=smcDC,window=64,hop=1,stat=rms,idle_delta_ratio=0.35,reference=middle,xi=2.0,target_length=3000,merge_gap=32,fallback=False)",15,1.5,0.5,cast_iron,2026-05-28T16:20:56.557237+09:00
1,7,902,3404,6404,6404,9000,labeled,"peng2026_inspired(sensor=smcDC,window=64,hop=1,stat=rms,idle_delta_ratio=0.35,reference=middle,xi=2.5,target_length=3000,merge_gap=32,fallback=False)",19,1.5,0.5,cast_iron,2026-05-28T16:20:56.557237+09:00
1,8,944,2165,5165,5165,9000,labeled,"peng2026_inspired(sensor=smcDC,window=64,hop=1,stat=rms,idle_delta_ratio=0.35,reference=middle,xi=2.0,target_length=3000,merge_gap=32,fallback=False)",22,1.5,0.5,cast_iron,2026-05-28T16:20:56.557237+09:00
1,9,903,2060,5060,5060,9000,labeled,"peng2026_inspired(sensor=smcDC,window=64,hop=1,stat=rms,idle_delta_ratio=0.35,reference=middle,xi=2.0,target_length=3000,merge_gap=32,fallback=False)",26,1.5,0.5,cast_iron,2026-05-28T16:20:56.557237+09:00
1,10,645,1689,4689,4689,9000,labeled,"peng2026_inspired(sensor=smcDC,window=64,hop=1,stat=rms,idle_delta_ratio=0.35,reference=middle,xi=2.0,target_length=3000,merge_gap=32,fallback=False)",29,1.5,0.5,cast_iron,2026-05-28T16:20:56.557237+09:00
1,11,854,1691,4691,4691,9000,labeled,"peng2026_inspired(sensor=smcDC,window=64,hop=1,stat=rms,idle_delta_ratio=0.35,reference=middle,xi=2.0,target_length=3000,merge_gap=32,fallback=False)",32,1.5,0.5,cast_iron,2026-05-28T16:20:56.557237+09:00
1,12,1316,2119,5119,5119,9000,labeled,"peng2026_inspired(sensor=smcDC,window=64,hop=1,stat=rms,idle_delta_ratio=0.35,reference=middle,xi=2.0,target_length=3000,merge_gap=32,fallback=False)",35,1.5,0.5,cast_iron,2026-05-28T16:20:56.557237+09:00
1,13,1078,1810,4810,4810,9000,labeled,"peng2026_inspired(sensor=smcDC,window=64,hop=1,stat=rms,idle_delta_ratio=0.35,reference=middle,xi=2.0,target_length=3000,merge_gap=32,fallback=False)",38,1.5,0.5,cast_iron,2026-05-28T16:20:56.557237+09:00
1,14,1046,1769,4769,4769,9000,labeled,"peng2026_inspired(sensor=smcDC,window=64,hop=1,stat=rms,idle_delta_ratio=0.35,reference=middle,xi=2.0,target_length=3000,merge_gap=32,fallback=False)",41,1.5,0.5,cast_iron,2026-05-28T16:20:56.557237+09:00
1,15,956,1604,4604,4604,9000,labeled,"peng2026_inspired(sensor=smcDC,window=64,hop=1,stat=rms,idle_delta_ratio=0.35,reference=middle,xi=2.0,target_length=3000,merge_gap=32,fallback=False)",44,1.5,0.5,cast_iron,2026-05-28T16:20:56.557237+09:00
1,17,689,1317,4317,4317,9000,labeled,"peng2026_inspired(sensor=smcDC,window=64,hop=1,stat=rms,idle_delta_ratio=0.35,reference=middle,xi=2.0,target_length=3000,merge_gap=32,fallback=False)",48,1.5,0.5,cast_iron,2026-05-28T16:20:56.557237+09:00
2,2,912,4208,7208,7208,9000,labeled,"peng2026_inspired(sensor=smcDC,window=64,hop=1,stat=rms,idle_delta_ratio=0.35,reference=middle,xi=2.0,target_length=3000,merge_gap=32,fallback=False)",9,0.75,0.5,cast_iron,2026-05-28T16:20:56.557237+09:00
2,3,459,3708,6708,6708,9000,labeled,"peng2026_inspired(sensor=smcDC,window=64,hop=1,stat=rms,idle_delta_ratio=0.35,reference=middle,xi=2.0,target_length=3000,merge_gap=32,fallback=False)",12,0.75,0.5,cast_iron,2026-05-28T16:20:56.557237+09:00
2,4,1067,3385,6385,6385,9000,labeled,"peng2026_inspired(sensor=smcDC,window=64,hop=1,stat=rms,idle_delta_ratio=0.35,reference=middle,xi=2.0,target_length=3000,merge_gap=32,fallback=False)",15,0.75,0.5,cast_iron,2026-05-28T16:20:56.557237+09:00
2,5,932,3423,6423,6423,9000,labeled,"peng2026_inspired(sensor=smcDC,window=64,hop=1,stat=rms,idle_delta_ratio=0.35,reference=middle,xi=2.0,target_length=3000,merge_gap=32,fallback=False)",22,0.75,0.5,cast_iron,2026-05-28T16:20:56.557237+09:00
2,7,848,3479,6479,6479,9000,labeled,"peng2026_inspired(sensor=smcDC,window=64,hop=1,stat=rms,idle_delta_ratio=0.35,reference=middle,xi=2.0,target_length=3000,merge_gap=32,fallback=False)",27,0.75,0.5,cast_iron,2026-05-28T16:20:56.557237+09:00
2,8,835,3873,6873,6873,9000,labeled,"peng2026_inspired(sensor=smcDC,window=64,hop=1,stat=rms,idle_delta_ratio=0.35,reference=middle,xi=2.0,target_length=3000,merge_gap=32,fallback=False)",33,0.75,0.5,cast_iron,2026-05-28T16:20:56.557237+09:00
2,9,757,3800,6800,6800,9000,labeled,"peng2026_inspired(sensor=smcDC,window=64,hop=1,stat=rms,idle_delta_ratio=0.35,reference=middle,xi=2.5,target_length=3000,merge_gap=32,fallback=False)",39,0.75,0.5,cast_iron,2026-05-28T16:20:56.557237+09:00
2,10,1813,5251,8251,8251,9000,labeled,"peng2026_inspired(sensor=smcDC,window=64,hop=1,stat=rms,idle_delta_ratio=0.35,reference=middle,xi=3.0,target_length=3000,merge_gap=32,fallback=False)",45,0.75,0.5,cast_iron,2026-05-28T16:20:56.557237+09:00
2,11,911,3955,6955,6955,9000,labeled,"peng2026_inspired(sensor=smcDC,window=64,hop=1,stat=rms,idle_delta_ratio=0.35,reference=middle,xi=2.0,target_length=3000,merge_gap=32,fallback=False)",51,0.75,0.5,cast_iron,2026-05-28T16:20:56.557237+09:00
2,12,710,4176,7176,7176,9000,labeled,"peng2026_inspired(sensor=smcDC,window=64,hop=1,stat=rms,idle_delta_ratio=0.35,reference=middle,xi=4.5,target_length=3000,merge_gap=32,fallback=False)",59,0.75,0.5,cast_iron,2026-05-28T16:20:56.557237+09:00
2,13,796,4252,7252,7252,9000,labeled,"peng2026_inspired(sensor=smcDC,window=64,hop=1,stat=rms,idle_delta_ratio=0.35,reference=middle,xi=None,target_length=3000,merge_gap=32,fallback=rolling_std)",66,0.75,0.5,cast_iron,2026-05-28T16:20:56.557237+09:00
2,14,1585,5037,8037,8037,9000,labeled,"peng2026_inspired(sensor=smcDC,window=64,hop=1,stat=rms,idle_delta_ratio=0.35,reference=middle,xi=2.0,target_length=3000,merge_gap=32,fallback=False)",72,0.75,0.5,cast_iron,2026-05-28T16:20:56.557237+09:00
3,1,281,5866,8866,8866,9000,labeled,"peng2026_inspired(sensor=smcDC,window=64,hop=1,stat=rms,idle_delta_ratio=0.35,reference=middle,xi=2.0,target_length=3000,merge_gap=32,fallback=False)",0,0.75,0.25,cast_iron,2026-05-28T16:20:56.557237+09:00
3,2,1057,5982,8982,8982,9000,labeled,"peng2026_inspired(sensor=smcDC,window=64,hop=1,stat=rms,idle_delta_ratio=0.35,reference=middle,xi=2.0,target_length=3000,merge_gap=32,fallback=False)",3,0.75,0.25,cast_iron,2026-05-28T16:20:56.557237+09:00
3,3,1109,4966,7966,7966,9000,labeled,"peng2026_inspired(sensor=smcDC,window=64,hop=1,stat=rms,idle_delta_ratio=0.35,reference=middle,xi=2.0,target_length=3000,merge_gap=32,fallback=False)",9,0.75,0.25,cast_iron,2026-05-28T16:20:56.557237+09:00
3,5,787,5512,8512,8512,9000,labeled,"peng2026_inspired(sensor=smcDC,window=64,hop=1,stat=rms,idle_delta_ratio=0.35,reference=middle,xi=2.0,target_length=3000,merge_gap=32,fallback=False)",21,0.75,0.25,cast_iron,2026-05-28T16:20:56.557237+09:00
3,6,406,3069,6069,6069,9000,labeled,"peng2026_inspired(sensor=smcDC,window=64,hop=1,stat=rms,idle_delta_ratio=0.35,reference=middle,xi=2.0,target_length=3000,merge_gap=32,fallback=False)",27,0.75,0.25,cast_iron,2026-05-28T16:20:56.557237+09:00
3,7,936,5647,8647,8647,9000,labeled,"peng2026_inspired(sensor=smcDC,window=64,hop=1,stat=rms,idle_delta_ratio=0.35,reference=middle,xi=2.0,target_length=3000,merge_gap=32,fallback=False)",33,0.75,0.25,cast_iron,2026-05-28T16:20:56.557237+09:00
3,8,637,4898,7898,7898,9000,labeled,"peng2026_inspired(sensor=smcDC,window=64,hop=1,stat=rms,idle_delta_ratio=0.35,reference=middle,xi=2.0,target_length=3000,merge_gap=32,fallback=False)",39,0.75,0.25,cast_iron,2026-05-28T16:20:56.557237+09:00
3,9,2077,5003,8003,8003,9000,labeled,"peng2026_inspired(sensor=smcDC,window=64,hop=1,stat=rms,idle_delta_ratio=0.35,reference=middle,xi=2.5,target_length=3000,merge_gap=32,fallback=False)",45,0.75,0.25,cast_iron,2026-05-28T16:20:56.557237+09:00
3,10,720,3745,6745,6745,9000,labeled,"peng2026_inspired(sensor=smcDC,window=64,hop=1,stat=rms,idle_delta_ratio=0.35,reference=middle,xi=2.5,target_length=3000,merge_gap=32,fallback=False)",51,0.75,0.25,cast_iron,2026-05-28T16:20:56.557237+09:00
3,11,832,3829,6829,6829,9000,labeled,"peng2026_inspired(sensor=smcDC,window=64,hop=1,stat=rms,idle_delta_ratio=0.35,reference=middle,xi=2.5,target_length=3000,merge_gap=32,fallback=False)",57,0.75,0.25,cast_iron,2026-05-28T16:20:56.557237+09:00
3,12,857,3815,6815,6815,9000,labeled,"peng2026_inspired(sensor=smcDC,window=64,hop=1,stat=rms,idle_delta_ratio=0.35,reference=middle,xi=3.5,target_length=3000,merge_gap=32,fallback=False)",63,0.75,0.25,cast_iron,2026-05-28T16:20:56.557237+09:00
3,14,963,3256,6256,6256,9000,labeled,"peng2026_inspired(sensor=smcDC,window=64,hop=1,stat=rms,idle_delta_ratio=0.35,reference=middle,xi=2.5,target_length=3000,merge_gap=32,fallback=False)",69,0.75,0.25,cast_iron,2026-05-28T16:20:56.557237+09:00
3,15,1335,4144,7144,7144,9000,labeled,"peng2026_inspired(sensor=smcDC,window=64,hop=1,stat=rms,idle_delta_ratio=0.35,reference=middle,xi=4.0,target_length=3000,merge_gap=32,fallback=False)",75,0.75,0.25,cast_iron,2026-05-28T16:20:56.557237+09:00
3,16,824,4512,7512,7512,9000,labeled,"peng2026_inspired(sensor=smcDC,window=64,hop=1,stat=rms,idle_delta_ratio=0.35,reference=middle,xi=3.0,target_length=3000,merge_gap=32,fallback=False)",81,0.75,0.25,cast_iron,2026-05-28T16:20:56.557237+09:00
4,1,1139,5991,8991,8991,9000,labeled,"peng2026_inspired(sensor=smcDC,window=64,hop=1,stat=rms,idle_delta_ratio=0.35,reference=middle,xi=2.0,target_length=3000,merge_gap=32,fallback=False)",3,1.5,0.25,cast_iron,2026-05-28T16:20:56.557237+09:00
4,2,919,4759,7759,7759,9000,labeled,"peng2026_inspired(sensor=smcDC,window=64,hop=1,stat=rms,idle_delta_ratio=0.35,reference=middle,xi=2.0,target_length=3000,merge_gap=32,fallback=False)",9,1.5,0.25,cast_iron,2026-05-28T16:20:56.557237+09:00
4,3,891,3637,6637,6637,9000,labeled,"peng2026_inspired(sensor=smcDC,window=64,hop=1,stat=rms,idle_delta_ratio=0.35,reference=middle,xi=2.0,target_length=3000,merge_gap=32,fallback=False)",15,1.5,0.25,cast_iron,2026-05-28T16:20:56.557237+09:00
4,4,876,5830,8830,8830,9000,labeled,"peng2026_inspired(sensor=smcDC,window=64,hop=1,stat=rms,idle_delta_ratio=0.35,reference=middle,xi=2.0,target_length=3000,merge_gap=32,fallback=False)",21,1.5,0.25,cast_iron,2026-05-28T16:20:56.557237+09:00
4,5,1029,3453,6453,6453,9000,labeled,"peng2026_inspired(sensor=smcDC,window=64,hop=1,stat=rms,idle_delta_ratio=0.35,reference=middle,xi=2.0,target_length=3000,merge_gap=32,fallback=False)",27,1.5,0.25,cast_iron,2026-05-28T16:20:56.557237+09:00
4,6,1062,3107,6107,6107,9000,labeled,"peng2026_inspired(sensor=smcDC,window=64,hop=1,stat=rms,idle_delta_ratio=0.35,reference=middle,xi=5.0,target_length=3000,merge_gap=32,fallback=False)",34,1.5,0.25,cast_iron,2026-05-28T16:20:56.557237+09:00
4,7,833,3558,6558,6558,9000,labeled,"peng2026_inspired(sensor=smcDC,window=64,hop=1,stat=rms,idle_delta_ratio=0.35,reference=middle,xi=4.0,target_length=3000,merge_gap=32,fallback=False)",39,1.5,0.25,cast_iron,2026-05-28T16:20:56.557237+09:00
5,1,495,3814,6814,6814,9000,labeled,"peng2026_inspired(sensor=smcDC,window=64,hop=1,stat=rms,idle_delta_ratio=0.35,reference=middle,xi=5.0,target_length=3000,merge_gap=32,fallback=False)",0,1.5,0.5,steel,2026-05-28T16:20:56.557237+09:00
5,2,536,4175,7175,7175,9000,labeled,"peng2026_inspired(sensor=smcDC,window=64,hop=1,stat=rms,idle_delta_ratio=0.35,reference=middle,xi=None,target_length=3000,merge_gap=32,fallback=rolling_std)",3,1.5,0.5,steel,2026-05-28T16:20:56.557237+09:00
5,3,662,4294,7294,7294,9000,labeled,"peng2026_inspired(sensor=smcDC,window=64,hop=1,stat=rms,idle_delta_ratio=0.35,reference=middle,xi=4.0,target_length=3000,merge_gap=32,fallback=False)",6,1.5,0.5,steel,2026-05-28T16:20:56.557237+09:00
5,4,587,1195,4195,4195,9000,labeled,"peng2026_inspired(sensor=smcDC,window=64,hop=1,stat=rms,idle_delta_ratio=0.35,reference=middle,xi=2.0,target_length=3000,merge_gap=32,fallback=False)",9,1.5,0.5,steel,2026-05-28T16:20:56.557237+09:00
5,5,477,1023,4023,4023,9000,labeled,"peng2026_inspired(sensor=smcDC,window=64,hop=1,stat=rms,idle_delta_ratio=0.35,reference=middle,xi=2.0,target_length=3000,merge_gap=32,fallback=False)",12,1.5,0.5,steel,2026-05-28T16:20:56.557237+09:00
5,6,596,999,3999,3999,9000,labeled,"peng2026_inspired(sensor=smcDC,window=64,hop=1,stat=rms,idle_delta_ratio=0.35,reference=middle,xi=2.0,target_length=3000,merge_gap=32,fallback=False)",15,1.5,0.5,steel,2026-05-28T16:20:56.557237+09:00
7,1,783,3256,6256,6256,9000,labeled,"peng2026_inspired(sensor=smcDC,window=64,hop=1,stat=rms,idle_delta_ratio=0.35,reference=middle,xi=2.0,target_length=3000,merge_gap=32,fallback=False)",1,0.75,0.25,steel,2026-05-28T16:20:56.557237+09:00
7,2,644,3040,6040,6040,9000,labeled,"peng2026_inspired(sensor=smcDC,window=64,hop=1,stat=rms,idle_delta_ratio=0.35,reference=middle,xi=2.0,target_length=3000,merge_gap=32,fallback=False)",3,0.75,0.25,steel,2026-05-28T16:20:56.557237+09:00
7,3,948,5584,8584,8584,9000,labeled,"peng2026_inspired(sensor=smcDC,window=64,hop=1,stat=rms,idle_delta_ratio=0.35,reference=middle,xi=2.0,target_length=3000,merge_gap=32,fallback=False)",6,0.75,0.25,steel,2026-05-28T16:20:56.557237+09:00
7,4,734,3253,6253,6253,9000,labeled,"peng2026_inspired(sensor=smcDC,window=64,hop=1,stat=rms,idle_delta_ratio=0.35,reference=middle,xi=2.0,target_length=3000,merge_gap=32,fallback=False)",10,0.75,0.25,steel,2026-05-28T16:20:56.557237+09:00
7,5,1525,4038,7038,7038,9000,labeled,"peng2026_inspired(sensor=smcDC,window=64,hop=1,stat=rms,idle_delta_ratio=0.35,reference=middle,xi=2.0,target_length=3000,merge_gap=32,fallback=False)",13,0.75,0.25,steel,2026-05-28T16:20:56.557237+09:00
7,6,987,4621,7621,7621,9000,labeled,"peng2026_inspired(sensor=smcDC,window=64,hop=1,stat=rms,idle_delta_ratio=0.35,reference=middle,xi=2.0,target_length=3000,merge_gap=32,fallback=False)",15,0.75,0.25,steel,2026-05-28T16:20:56.557237+09:00
7,7,860,4021,7021,7021,9000,labeled,"peng2026_inspired(sensor=smcDC,window=64,hop=1,stat=rms,idle_delta_ratio=0.35,reference=middle,xi=2.0,target_length=3000,merge_gap=32,fallback=False)",19,0.75,0.25,steel,2026-05-28T16:20:56.557237+09:00
8,1,531,2463,5463,5463,9000,labeled,"peng2026_inspired(sensor=smcDC,window=64,hop=1,stat=rms,idle_delta_ratio=0.35,reference=middle,xi=2.0,target_length=3000,merge_gap=32,fallback=False)",0,0.75,0.5,steel,2026-05-28T16:20:56.557237+09:00
8,2,585,4006,7006,7006,9000,labeled,"peng2026_inspired(sensor=smcDC,window=64,hop=1,stat=rms,idle_delta_ratio=0.35,reference=middle,xi=2.0,target_length=3000,merge_gap=32,fallback=False)",3,0.75,0.5,steel,2026-05-28T16:20:56.557237+09:00
8,3,577,2197,5197,5197,9000,labeled,"peng2026_inspired(sensor=smcDC,window=64,hop=1,stat=rms,idle_delta_ratio=0.35,reference=middle,xi=2.0,target_length=3000,merge_gap=32,fallback=False)",6,0.75,0.5,steel,2026-05-28T16:20:56.557237+09:00
8,5,604,4050,7050,7050,9000,labeled,"peng2026_inspired(sensor=smcDC,window=64,hop=1,stat=rms,idle_delta_ratio=0.35,reference=middle,xi=2.0,target_length=3000,merge_gap=32,fallback=False)",9,0.75,0.5,steel,2026-05-28T16:20:56.557237+09:00
8,6,545,3942,6942,6942,9000,labeled,"peng2026_inspired(sensor=smcDC,window=64,hop=1,stat=rms,idle_delta_ratio=0.35,reference=middle,xi=3.5,target_length=3000,merge_gap=32,fallback=False)",12,0.75,0.5,steel,2026-05-28T16:20:56.557237+09:00
9,1,649,2103,5103,5103,9000,labeled,"peng2026_inspired(sensor=smcDC,window=64,hop=1,stat=rms,idle_delta_ratio=0.35,reference=middle,xi=3.0,target_length=3000,merge_gap=32,fallback=False)",1,1.5,0.5,cast_iron,2026-05-28T16:20:56.557237+09:00
9,2,663,3979,6979,6979,9000,labeled,"peng2026_inspired(sensor=smcDC,window=64,hop=1,stat=rms,idle_delta_ratio=0.35,reference=middle,xi=2.0,target_length=3000,merge_gap=32,fallback=False)",3,1.5,0.5,cast_iron,2026-05-28T16:20:56.557237+09:00
9,3,594,2742,5742,5742,9000,labeled,"peng2026_inspired(sensor=smcDC,window=64,hop=1,stat=rms,idle_delta_ratio=0.35,reference=middle,xi=4.5,target_length=3000,merge_gap=32,fallback=False)",9,1.5,0.5,cast_iron,2026-05-28T16:20:56.557237+09:00
9,4,656,3370,6370,6370,9000,labeled,"peng2026_inspired(sensor=smcDC,window=64,hop=1,stat=rms,idle_delta_ratio=0.35,reference=middle,xi=3.5,target_length=3000,merge_gap=32,fallback=False)",16,1.5,0.5,cast_iron,2026-05-28T16:20:56.557237+09:00
9,5,727,1804,4804,4804,9000,labeled,"peng2026_inspired(sensor=smcDC,window=64,hop=1,stat=rms,idle_delta_ratio=0.35,reference=middle,xi=2.0,target_length=3000,merge_gap=32,fallback=False)",22,1.5,0.5,cast_iron,2026-05-28T16:20:56.557237+09:00
9,6,691,1596,4596,4596,9000,labeled,"peng2026_inspired(sensor=smcDC,window=64,hop=1,stat=rms,idle_delta_ratio=0.35,reference=middle,xi=2.0,target_length=3000,merge_gap=32,fallback=False)",28,1.5,0.5,cast_iron,2026-05-28T16:20:56.557237+09:00
9,7,695,1408,4408,4408,9000,labeled,"peng2026_inspired(sensor=smcDC,window=64,hop=1,stat=rms,idle_delta_ratio=0.35,reference=middle,xi=2.0,target_length=3000,merge_gap=32,fallback=False)",34,1.5,0.5,cast_iron,2026-05-28T16:20:56.557237+09:00
9,8,696,1257,4257,4257,9000,labeled,"peng2026_inspired(sensor=smcDC,window=64,hop=1,stat=rms,idle_delta_ratio=0.35,reference=middle,xi=2.0,target_length=3000,merge_gap=32,fallback=False)",40,1.5,0.5,cast_iron,2026-05-28T16:20:56.557237+09:00
9,9,579,1045,4045,4045,9000,labeled,"peng2026_inspired(sensor=smcDC,window=64,hop=1,stat=rms,idle_delta_ratio=0.35,reference=middle,xi=2.0,target_length=3000,merge_gap=32,fallback=False)",46,1.5,0.5,cast_iron,2026-05-28T16:20:56.557237+09:00
10,1,1338,5429,8429,8429,9000,labeled,"peng2026_inspired(sensor=smcDC,window=64,hop=1,stat=rms,idle_delta_ratio=0.35,reference=middle,xi=2.0,target_length=3000,merge_gap=32,fallback=False)",0,1.5,0.25,cast_iron,2026-05-28T16:20:56.557237+09:00
10,2,1088,5352,8352,8352,9000,labeled,"peng2026_inspired(sensor=smcDC,window=64,hop=1,stat=rms,idle_delta_ratio=0.35,reference=middle,xi=2.0,target_length=3000,merge_gap=32,fallback=False)",4,1.5,0.25,cast_iron,2026-05-28T16:20:56.557237+09:00
10,3,977,3705,6705,6705,9000,labeled,"peng2026_inspired(sensor=smcDC,window=64,hop=1,stat=rms,idle_delta_ratio=0.35,reference=middle,xi=2.0,target_length=3000,merge_gap=32,fallback=False)",9,1.5,0.25,cast_iron,2026-05-28T16:20:56.557237+09:00
10,4,909,4514,7514,7514,9000,labeled,"peng2026_inspired(sensor=smcDC,window=64,hop=1,stat=rms,idle_delta_ratio=0.35,reference=middle,xi=2.0,target_length=3000,merge_gap=32,fallback=False)",15,1.5,0.25,cast_iron,2026-05-28T16:20:56.557237+09:00
10,5,1096,3843,6843,6843,9000,labeled,"peng2026_inspired(sensor=smcDC,window=64,hop=1,stat=rms,idle_delta_ratio=0.35,reference=middle,xi=2.5,target_length=3000,merge_gap=32,fallback=False)",21,1.5,0.25,cast_iron,2026-05-28T16:20:56.557237+09:00
10,6,1008,5857,8857,8857,9000,labeled,"peng2026_inspired(sensor=smcDC,window=64,hop=1,stat=rms,idle_delta_ratio=0.35,reference=middle,xi=None,target_length=3000,merge_gap=32,fallback=rolling_std)",27,1.5,0.25,cast_iron,2026-05-28T16:20:56.557237+09:00
10,7,897,5920,8920,8920,9000,labeled,"peng2026_inspired(sensor=smcDC,window=64,hop=1,stat=rms,idle_delta_ratio=0.35,reference=middle,xi=None,target_length=3000,merge_gap=32,fallback=rolling_std)",33,1.5,0.25,cast_iron,2026-05-28T16:20:56.557237+09:00
10,8,962,3416,6416,6416,9000,labeled,"peng2026_inspired(sensor=smcDC,window=64,hop=1,stat=rms,idle_delta_ratio=0.35,reference=middle,xi=2.0,target_length=3000,merge_gap=32,fallback=False)",39,1.5,0.25,cast_iron,2026-05-28T16:20:56.557237+09:00
10,9,908,3099,6099,6099,9000,labeled,"peng2026_inspired(sensor=smcDC,window=64,hop=1,stat=rms,idle_delta_ratio=0.35,reference=middle,xi=2.0,target_length=3000,merge_gap=32,fallback=False)",45,1.5,0.25,cast_iron,2026-05-28T16:20:56.557237+09:00
10,10,2173,3935,6935,6935,9000,labeled,"peng2026_inspired(sensor=smcDC,window=64,hop=1,stat=rms,idle_delta_ratio=0.35,reference=middle,xi=2.0,target_length=3000,merge_gap=32,fallback=False)",57,1.5,0.25,cast_iron,2026-05-28T16:20:56.557237+09:00
11,1,1140,5446,8446,8446,9000,labeled,"peng2026_inspired(sensor=smcDC,window=64,hop=1,stat=rms,idle_delta_ratio=0.35,reference=middle,xi=2.0,target_length=3000,merge_gap=32,fallback=False)",1,0.75,0.25,cast_iron,2026-05-28T16:20:56.557237+09:00
11,2,1122,5915,8915,8915,9000,labeled,"peng2026_inspired(sensor=smcDC,window=64,hop=1,stat=rms,idle_delta_ratio=0.35,reference=middle,xi=2.0,target_length=3000,merge_gap=32,fallback=False)",3,0.75,0.25,cast_iron,2026-05-28T16:20:56.557237+09:00
11,3,1063,5923,8923,8923,9000,labeled,"peng2026_inspired(sensor=smcDC,window=64,hop=1,stat=rms,idle_delta_ratio=0.35,reference=middle,xi=2.0,target_length=3000,merge_gap=32,fallback=False)",10,0.75,0.25,cast_iron,2026-05-28T16:20:56.557237+09:00
11,4,1010,3625,6625,6625,9000,labeled,"peng2026_inspired(sensor=smcDC,window=64,hop=1,stat=rms,idle_delta_ratio=0.35,reference=middle,xi=2.0,target_length=3000,merge_gap=32,fallback=False)",12,0.75,0.25,cast_iron,2026-05-28T16:20:56.557237+09:00
11,5,928,5805,8805,8805,9000,labeled,"peng2026_inspired(sensor=smcDC,window=64,hop=1,stat=rms,idle_delta_ratio=0.35,reference=middle,xi=2.0,target_length=3000,merge_gap=32,fallback=False)",14,0.75,0.25,cast_iron,2026-05-28T16:20:56.557237+09:00
11,6,1131,5866,8866,8866,9000,labeled,"peng2026_inspired(sensor=smcDC,window=64,hop=1,stat=rms,idle_delta_ratio=0.35,reference=middle,xi=2.0,target_length=3000,merge_gap=32,fallback=False)",17,0.75,0.25,cast_iron,2026-05-28T16:20:56.557237+09:00
11,8,899,3488,6488,6488,9000,labeled,"peng2026_inspired(sensor=smcDC,window=64,hop=1,stat=rms,idle_delta_ratio=0.35,reference=middle,xi=2.5,target_length=3000,merge_gap=32,fallback=False)",21,0.75,0.25,cast_iron,2026-05-28T16:20:56.557237+09:00
11,9,830,3425,6425,6425,9000,labeled,"peng2026_inspired(sensor=smcDC,window=64,hop=1,stat=rms,idle_delta_ratio=0.35,reference=middle,xi=2.0,target_length=3000,merge_gap=32,fallback=False)",27,0.75,0.25,cast_iron,2026-05-28T16:20:56.557237+09:00
11,10,879,5677,8677,8677,9000,labeled,"peng2026_inspired(sensor=smcDC,window=64,hop=1,stat=rms,idle_delta_ratio=0.35,reference=middle,xi=2.0,target_length=3000,merge_gap=32,fallback=False)",33,0.75,0.25,cast_iron,2026-05-28T16:20:56.557237+09:00
11,11,635,3621,6621,6621,9000,labeled,"peng2026_inspired(sensor=smcDC,window=64,hop=1,stat=rms,idle_delta_ratio=0.35,reference=middle,xi=2.0,target_length=3000,merge_gap=32,fallback=False)",39,0.75,0.25,cast_iron,2026-05-28T16:20:56.557237+09:00
11,12,936,5143,8143,8143,9000,labeled,"peng2026_inspired(sensor=smcDC,window=64,hop=1,stat=rms,idle_delta_ratio=0.35,reference=middle,xi=2.0,target_length=3000,merge_gap=32,fallback=False)",45,0.75,0.25,cast_iron,2026-05-28T16:20:56.557237+09:00
11,13,664,4264,7264,7264,9000,labeled,"peng2026_inspired(sensor=smcDC,window=64,hop=1,stat=rms,idle_delta_ratio=0.35,reference=middle,xi=2.0,target_length=3000,merge_gap=32,fallback=False)",51,0.75,0.25,cast_iron,2026-05-28T16:20:56.557237+09:00
11,15,791,4004,7004,7004,9000,labeled,"peng2026_inspired(sensor=smcDC,window=64,hop=1,stat=rms,idle_delta_ratio=0.35,reference=middle,xi=2.0,target_length=3000,merge_gap=32,fallback=False)",57,0.75,0.25,cast_iron,2026-05-28T16:20:56.557237+09:00
11,16,848,4948,7948,7948,9000,labeled,"peng2026_inspired(sensor=smcDC,window=64,hop=1,stat=rms,idle_delta_ratio=0.35,reference=middle,xi=2.0,target_length=3000,merge_gap=32,fallback=False)",63,0.75,0.25,cast_iron,2026-05-28T16:20:56.557237+09:00
11,18,628,4432,7432,7432,9000,labeled,"peng2026_inspired(sensor=smcDC,window=64,hop=1,stat=rms,idle_delta_ratio=0.35,reference=middle,xi=2.0,target_length=3000,merge_gap=32,fallback=False)",72,0.75,0.25,cast_iron,2026-05-28T16:20:56.557237+09:00
11,19,818,4849,7849,7849,9000,labeled,"peng2026_inspired(sensor=smcDC,window=64,hop=1,stat=rms,idle_delta_ratio=0.35,reference=middle,xi=2.0,target_length=3000,merge_gap=32,fallback=False)",80,0.75,0.25,cast_iron,2026-05-28T16:20:56.557237+09:00
11,20,633,3965,6965,6965,9000,labeled,"peng2026_inspired(sensor=smcDC,window=64,hop=1,stat=rms,idle_delta_ratio=0.35,reference=middle,xi=3.0,target_length=3000,merge_gap=32,fallback=False)",86,0.75,0.25,cast_iron,2026-05-28T16:20:56.557237+09:00
11,21,862,3506,6506,6506,9000,labeled,"peng2026_inspired(sensor=smcDC,window=64,hop=1,stat=rms,idle_delta_ratio=0.35,reference=middle,xi=2.0,target_length=3000,merge_gap=32,fallback=False)",93,0.75,0.25,cast_iron,2026-05-28T16:20:56.557237+09:00
11,22,768,3946,6946,6946,9000,labeled,"peng2026_inspired(sensor=smcDC,window=64,hop=1,stat=rms,idle_delta_ratio=0.35,reference=middle,xi=5.0,target_length=3000,merge_gap=32,fallback=False)",100,0.75,0.25,cast_iron,2026-05-28T16:20:56.557237+09:00
11,23,1346,4507,7507,7507,9000,labeled,"peng2026_inspired(sensor=smcDC,window=64,hop=1,stat=rms,idle_delta_ratio=0.35,reference=middle,xi=4.0,target_length=3000,merge_gap=32,fallback=False)",105,0.75,0.25,cast_iron,2026-05-28T16:20:56.557237+09:00
12,2,653,2550,5550,5550,9000,labeled,"peng2026_inspired(sensor=smcDC,window=64,hop=1,stat=rms,idle_delta_ratio=0.35,reference=middle,xi=2.0,target_length=3000,merge_gap=32,fallback=False)",3,0.75,0.5,cast_iron,2026-05-28T16:20:56.557237+09:00
12,3,462,3758,6758,6758,9000,labeled,"peng2026_inspired(sensor=smcDC,window=64,hop=1,stat=rms,idle_delta_ratio=0.35,reference=middle,xi=2.0,target_length=3000,merge_gap=32,fallback=False)",6,0.75,0.5,cast_iron,2026-05-28T16:20:56.557237+09:00
12,5,547,3910,6910,6910,9000,labeled,"peng2026_inspired(sensor=smcDC,window=64,hop=1,stat=rms,idle_delta_ratio=0.35,reference=middle,xi=2.0,target_length=3000,merge_gap=32,fallback=False)",19,0.75,0.5,cast_iron,2026-05-28T16:20:56.557237+09:00
12,6,598,3961,6961,6961,9000,labeled,"peng2026_inspired(sensor=smcDC,window=64,hop=1,stat=rms,idle_delta_ratio=0.35,reference=middle,xi=2.0,target_length=3000,merge_gap=32,fallback=False)",24,0.75,0.5,cast_iron,2026-05-28T16:20:56.557237+09:00
12,7,557,1991,4991,4991,9000,labeled,"peng2026_inspired(sensor=smcDC,window=64,hop=1,stat=rms,idle_delta_ratio=0.35,reference=middle,xi=2.0,target_length=3000,merge_gap=32,fallback=False)",30,0.75,0.5,cast_iron,2026-05-28T16:20:56.557237+09:00
12,8,532,3531,6531,6531,9000,labeled,"peng2026_inspired(sensor=smcDC,window=64,hop=1,stat=rms,idle_delta_ratio=0.35,reference=middle,xi=2.0,target_length=3000,merge_gap=32,fallback=False)",36,0.75,0.5,cast_iron,2026-05-28T16:20:56.557237+09:00
12,9,481,3956,6956,6956,9000,labeled,"peng2026_inspired(sensor=smcDC,window=64,hop=1,stat=rms,idle_delta_ratio=0.35,reference=middle,xi=2.5,target_length=3000,merge_gap=32,fallback=False)",42,0.75,0.5,cast_iron,2026-05-28T16:20:56.557237+09:00
12,11,590,3825,6825,6825,9000,labeled,"peng2026_inspired(sensor=smcDC,window=64,hop=1,stat=rms,idle_delta_ratio=0.35,reference=middle,xi=3.5,target_length=3000,merge_gap=32,fallback=False)",49,0.75,0.5,cast_iron,2026-05-28T16:20:56.557237+09:00
12,12,701,1096,4096,4096,9000,labeled,"peng2026_inspired(sensor=smcDC,window=64,hop=1,stat=rms,idle_delta_ratio=0.35,reference=middle,xi=2.0,target_length=3000,merge_gap=32,fallback=False)",55,0.75,0.5,cast_iron,2026-05-28T16:20:56.557237+09:00
12,13,701,3799,6799,6799,9000,labeled,"peng2026_inspired(sensor=smcDC,window=64,hop=1,stat=rms,idle_delta_ratio=0.35,reference=middle,xi=3.5,target_length=3000,merge_gap=32,fallback=False)",61,0.75,0.5,cast_iron,2026-05-28T16:20:56.557237+09:00
12,14,603,3447,6447,6447,9000,labeled,"peng2026_inspired(sensor=smcDC,window=64,hop=1,stat=rms,idle_delta_ratio=0.35,reference=middle,xi=2.5,target_length=3000,merge_gap=32,fallback=False)",67,0.75,0.5,cast_iron,2026-05-28T16:20:56.557237+09:00
12,15,512,3589,6589,6589,9000,labeled,"peng2026_inspired(sensor=smcDC,window=64,hop=1,stat=rms,idle_delta_ratio=0.35,reference=middle,xi=2.0,target_length=3000,merge_gap=32,fallback=False)",74,0.75,0.5,cast_iron,2026-05-28T16:20:56.557237+09:00
13,3,668,5953,8953,8953,9000,labeled,"peng2026_inspired(sensor=smcDC,window=64,hop=1,stat=rms,idle_delta_ratio=0.35,reference=middle,xi=2.0,target_length=3000,merge_gap=32,fallback=False)",4,0.75,0.25,steel,2026-05-28T16:20:56.557237+09:00
13,4,618,5542,8542,8542,9000,labeled,"peng2026_inspired(sensor=smcDC,window=64,hop=1,stat=rms,idle_delta_ratio=0.35,reference=middle,xi=2.0,target_length=3000,merge_gap=32,fallback=False)",7,0.75,0.25,steel,2026-05-28T16:20:56.557237+09:00
13,5,926,5986,8986,8986,9000,labeled,"peng2026_inspired(sensor=smcDC,window=64,hop=1,stat=rms,idle_delta_ratio=0.35,reference=middle,xi=2.0,target_length=3000,merge_gap=32,fallback=False)",11,0.75,0.25,steel,2026-05-28T16:20:56.557237+09:00
13,6,739,5732,8732,8732,9000,labeled,"peng2026_inspired(sensor=smcDC,window=64,hop=1,stat=rms,idle_delta_ratio=0.35,reference=middle,xi=2.0,target_length=3000,merge_gap=32,fallback=False)",16,0.75,0.25,steel,2026-05-28T16:20:56.557237+09:00
13,7,483,3466,6466,6466,9000,labeled,"peng2026_inspired(sensor=smcDC,window=64,hop=1,stat=rms,idle_delta_ratio=0.35,reference=middle,xi=2.0,target_length=3000,merge_gap=32,fallback=False)",19,0.75,0.25,steel,2026-05-28T16:20:56.557237+09:00
13,8,745,3983,6983,6983,9000,labeled,"peng2026_inspired(sensor=smcDC,window=64,hop=1,stat=rms,idle_delta_ratio=0.35,reference=middle,xi=2.0,target_length=3000,merge_gap=32,fallback=False)",22,0.75,0.25,steel,2026-05-28T16:20:56.557237+09:00
13,9,907,5833,8833,8833,9000,labeled,"peng2026_inspired(sensor=smcDC,window=64,hop=1,stat=rms,idle_delta_ratio=0.35,reference=middle,xi=2.0,target_length=3000,merge_gap=32,fallback=False)",25,0.75,0.25,steel,2026-05-28T16:20:56.557237+09:00
13,10,704,5780,8780,8780,9000,labeled,"peng2026_inspired(sensor=smcDC,window=64,hop=1,stat=rms,idle_delta_ratio=0.35,reference=middle,xi=2.0,target_length=3000,merge_gap=32,fallback=False)",29,0.75,0.25,steel,2026-05-28T16:20:56.557237+09:00
13,11,461,5690,8690,8690,9000,labeled,"peng2026_inspired(sensor=smcDC,window=64,hop=1,stat=rms,idle_delta_ratio=0.35,reference=middle,xi=2.0,target_length=3000,merge_gap=32,fallback=False)",32,0.75,0.25,steel,2026-05-28T16:20:56.557237+09:00
13,12,618,3322,6322,6322,9000,labeled,"peng2026_inspired(sensor=smcDC,window=64,hop=1,stat=rms,idle_delta_ratio=0.35,reference=middle,xi=2.0,target_length=3000,merge_gap=32,fallback=False)",35,0.75,0.25,steel,2026-05-28T16:20:56.557237+09:00
13,13,697,3392,6392,6392,9000,labeled,"peng2026_inspired(sensor=smcDC,window=64,hop=1,stat=rms,idle_delta_ratio=0.35,reference=middle,xi=None,target_length=3000,merge_gap=32,fallback=rolling_std)",38,0.75,0.25,steel,2026-05-28T16:20:56.557237+09:00
13,14,808,3078,6078,6078,9000,labeled,"peng2026_inspired(sensor=smcDC,window=64,hop=1,stat=rms,idle_delta_ratio=0.35,reference=middle,xi=2.0,target_length=3000,merge_gap=32,fallback=False)",42,0.75,0.25,steel,2026-05-28T16:20:56.557237+09:00
13,15,492,2814,5814,5814,9000,labeled,"peng2026_inspired(sensor=smcDC,window=64,hop=1,stat=rms,idle_delta_ratio=0.35,reference=middle,xi=2.0,target_length=3000,merge_gap=32,fallback=False)",45,0.75,0.25,steel,2026-05-28T16:20:56.557237+09:00
14,2,355,1668,4668,4668,9000,labeled,"peng2026_inspired(sensor=smcDC,window=64,hop=1,stat=rms,idle_delta_ratio=0.35,reference=middle,xi=2.0,target_length=3000,merge_gap=32,fallback=False)",3,0.75,0.5,steel,2026-05-28T16:20:56.557237+09:00
14,3,558,4141,7141,7141,9000,labeled,"peng2026_inspired(sensor=smcDC,window=64,hop=1,stat=rms,idle_delta_ratio=0.35,reference=middle,xi=2.0,target_length=3000,merge_gap=32,fallback=False)",6,0.75,0.5,steel,2026-05-28T16:20:56.557237+09:00
14,4,586,4215,7215,7215,9000,labeled,"peng2026_inspired(sensor=smcDC,window=64,hop=1,stat=rms,idle_delta_ratio=0.35,reference=middle,xi=2.0,target_length=3000,merge_gap=32,fallback=False)",9,0.75,0.5,steel,2026-05-28T16:20:56.557237+09:00
14,6,541,2700,5700,5700,9000,labeled,"peng2026_inspired(sensor=smcDC,window=64,hop=1,stat=rms,idle_delta_ratio=0.35,reference=middle,xi=2.0,target_length=3000,merge_gap=32,fallback=False)",12,0.75,0.5,steel,2026-05-28T16:20:56.557237+09:00
14,8,547,1741,4741,4741,9000,labeled,"peng2026_inspired(sensor=smcDC,window=64,hop=1,stat=rms,idle_delta_ratio=0.35,reference=middle,xi=2.0,target_length=3000,merge_gap=32,fallback=False)",18,0.75,0.5,steel,2026-05-28T16:20:56.557237+09:00
14,9,603,1465,4465,4465,9000,labeled,"peng2026_inspired(sensor=smcDC,window=64,hop=1,stat=rms,idle_delta_ratio=0.35,reference=middle,xi=2.0,target_length=3000,merge_gap=32,fallback=False)",21,0.75,0.5,steel,2026-05-28T16:20:56.557237+09:00
14,10,545,1319,4319,4319,9000,labeled,"peng2026_inspired(sensor=smcDC,window=64,hop=1,stat=rms,idle_delta_ratio=0.35,reference=middle,xi=2.0,target_length=3000,merge_gap=32,fallback=False)",24,0.75,0.5,steel,2026-05-28T16:20:56.557237+09:00
15,2,755,3496,6496,6496,9000,labeled,"peng2026_inspired(sensor=smcDC,window=64,hop=1,stat=rms,idle_delta_ratio=0.35,reference=middle,xi=2.0,target_length=3000,merge_gap=32,fallback=False)",3,1.5,0.25,steel,2026-05-28T16:20:56.557237+09:00
15,3,847,4186,7186,7186,9000,labeled,"peng2026_inspired(sensor=smcDC,window=64,hop=1,stat=rms,idle_delta_ratio=0.35,reference=middle,xi=3.5,target_length=3000,merge_gap=32,fallback=False)",6,1.5,0.25,steel,2026-05-28T16:20:56.557237+09:00
15,4,896,5126,8126,8126,9000,labeled,"peng2026_inspired(sensor=smcDC,window=64,hop=1,stat=rms,idle_delta_ratio=0.35,reference=middle,xi=2.0,target_length=3000,merge_gap=32,fallback=False)",9,1.5,0.25,steel,2026-05-28T16:20:56.557237+09:00
15,5,758,5993,8993,8993,9000,labeled,"peng2026_inspired(sensor=smcDC,window=64,hop=1,stat=rms,idle_delta_ratio=0.35,reference=middle,xi=2.5,target_length=3000,merge_gap=32,fallback=False)",13,1.5,0.25,steel,2026-05-28T16:20:56.557237+09:00
15,6,732,5494,8494,8494,9000,labeled,"peng2026_inspired(sensor=smcDC,window=64,hop=1,stat=rms,idle_delta_ratio=0.35,reference=middle,xi=2.0,target_length=3000,merge_gap=32,fallback=False)",16,1.5,0.25,steel,2026-05-28T16:20:56.557237+09:00
15,7,807,2518,5518,5518,9000,labeled,"peng2026_inspired(sensor=smcDC,window=64,hop=1,stat=rms,idle_delta_ratio=0.35,reference=middle,xi=2.0,target_length=3000,merge_gap=32,fallback=False)",19,1.5,0.25,steel,2026-05-28T16:20:56.557237+09:00
16,3,738,1534,4534,4534,9000,labeled,"peng2026_inspired(sensor=smcDC,window=64,hop=1,stat=rms,idle_delta_ratio=0.35,reference=middle,xi=2.0,target_length=3000,merge_gap=32,fallback=False)",3,1.5,0.5,steel,2026-05-28T16:20:56.557237+09:00
16,5,513,1164,4164,4164,9000,labeled,"peng2026_inspired(sensor=smcDC,window=64,hop=1,stat=rms,idle_delta_ratio=0.35,reference=middle,xi=2.0,target_length=3000,merge_gap=32,fallback=False)",6,1.5,0.5,steel,2026-05-28T16:20:56.557237+09:00
16,6,617,1146,4146,4146,9000,labeled,"peng2026_inspired(sensor=smcDC,window=64,hop=1,stat=rms,idle_delta_ratio=0.35,reference=middle,xi=2.0,target_length=3000,merge_gap=32,fallback=False)",9,1.5,0.5,steel,2026-05-28T16:20:56.557237+09:00
