case,run,idx_noload_end,idx_start,idx_end,index_fixed,signal_length,status,note,time,DOC,feed,material_name,updated_at,idx_exit_start,has_exit,exit_confidence,idx_end_peng,exit_source
1,1,1286,2639,7728,7639,9000,labeled,"peng2026_inspired(sensor=smcDC,window=64,hop=1,stat=rms,idle_delta_ratio=0.35,reference=middle,xi=2.0,target_length=5000,merge_gap=32,fallback=False)",2,1.5,0.5,cast_iron,2026-05-28T16:20:56.557221+09:00,7728,True,2.0157399884704876,7639,reverse_kurtosis_AE_table
1,2,1209,2554,6704,7554,9000,labeled,"peng2026_inspired(sensor=smcDC,window=64,hop=1,stat=rms,idle_delta_ratio=0.35,reference=middle,xi=2.0,target_length=5000,merge_gap=32,fallback=False)",4,1.5,0.5,cast_iron,2026-06-08T20:13:39.635360+09:00,6704,True,1.2025650116486395,7554,reverse_kurtosis_AE_table
1,3,953,2295,7056,7295,9000,labeled,"peng2026_inspired(sensor=smcDC,window=64,hop=1,stat=rms,idle_delta_ratio=0.35,reference=middle,xi=2.0,target_length=5000,merge_gap=32,fallback=False)",6,1.5,0.5,cast_iron,2026-06-08T20:13:40.041038+09:00,7056,True,1.525014657690889,7295,reverse_kurtosis_AE_table
1,4,760,2224,7280,7224,9000,labeled,"peng2026_inspired(sensor=smcDC,window=64,hop=1,stat=rms,idle_delta_ratio=0.35,reference=middle,xi=2.0,target_length=5000,merge_gap=32,fallback=False)",7,1.5,0.5,cast_iron,2026-05-28T16:20:56.557221+09:00,7280,True,2.299193874801846,7224,reverse_kurtosis_AE_table
1,5,1112,2496,6384,7496,9000,labeled,"peng2026_inspired(sensor=smcDC,window=64,hop=1,stat=rms,idle_delta_ratio=0.35,reference=middle,xi=2.5,target_length=5000,merge_gap=32,fallback=False)",11,1.5,0.5,cast_iron,2026-06-08T20:13:40.439917+09:00,6384,True,1.2316285970442484,7496,reverse_kurtosis_AE_table
1,6,1004,2448,7136,7448,9000,labeled,"peng2026_inspired(sensor=smcDC,window=64,hop=1,stat=rms,idle_delta_ratio=0.35,reference=middle,xi=2.5,target_length=5000,merge_gap=32,fallback=False)",15,1.5,0.5,cast_iron,2026-05-28T16:20:56.557221+09:00,7136,True,1.2887026343961738,7448,reverse_kurtosis_AE_table
1,7,902,2375,7200,7375,9000,labeled,"peng2026_inspired(sensor=smcDC,window=64,hop=1,stat=rms,idle_delta_ratio=0.35,reference=middle,xi=2.5,target_length=5000,merge_gap=32,fallback=False)",19,1.5,0.5,cast_iron,2026-05-28T16:20:56.557221+09:00,7200,True,2.2379746703046677,7375,reverse_kurtosis_AE_table
1,8,944,2165,7760,7165,9000,labeled,"peng2026_inspired(sensor=smcDC,window=64,hop=1,stat=rms,idle_delta_ratio=0.35,reference=middle,xi=2.0,target_length=5000,merge_gap=32,fallback=False)",22,1.5,0.5,cast_iron,2026-05-28T16:20:56.557221+09:00,7760,True,1.3548469959839575,7165,reverse_kurtosis_AE_table
1,9,903,2060,8592,7060,9000,labeled,"peng2026_inspired(sensor=smcDC,window=64,hop=1,stat=rms,idle_delta_ratio=0.35,reference=middle,xi=2.0,target_length=5000,merge_gap=32,fallback=False)",26,1.5,0.5,cast_iron,2026-05-28T16:20:56.557221+09:00,8592,True,1.3967649584820694,7060,reverse_kurtosis_AE_table
1,10,645,1689,8512,6689,9000,labeled,"peng2026_inspired(sensor=smcDC,window=64,hop=1,stat=rms,idle_delta_ratio=0.35,reference=middle,xi=2.0,target_length=5000,merge_gap=32,fallback=False)",29,1.5,0.5,cast_iron,2026-05-28T16:20:56.557221+09:00,8512,True,8.102375913040305,6689,reverse_kurtosis_AE_table
1,11,854,1691,8608,6691,9000,labeled,"peng2026_inspired(sensor=smcDC,window=64,hop=1,stat=rms,idle_delta_ratio=0.35,reference=middle,xi=2.0,target_length=5000,merge_gap=32,fallback=False)",32,1.5,0.5,cast_iron,2026-05-28T16:20:56.557221+09:00,8608,True,6.647044717756884,6691,reverse_kurtosis_AE_table
1,12,1316,2119,6752,7119,9000,labeled,"peng2026_inspired(sensor=smcDC,window=64,hop=1,stat=rms,idle_delta_ratio=0.35,reference=middle,xi=2.0,target_length=5000,merge_gap=32,fallback=False)",35,1.5,0.5,cast_iron,2026-05-28T16:20:56.557221+09:00,6752,True,2.6133249912950736,7119,reverse_kurtosis_AE_table
1,13,1078,1810,7760,6810,9000,labeled,"peng2026_inspired(sensor=smcDC,window=64,hop=1,stat=rms,idle_delta_ratio=0.35,reference=middle,xi=2.0,target_length=5000,merge_gap=32,fallback=False)",38,1.5,0.5,cast_iron,2026-05-28T16:20:56.557221+09:00,7760,True,3.2750681710240177,6810,reverse_kurtosis_AE_table
1,14,1046,1769,7440,6769,9000,labeled,"peng2026_inspired(sensor=smcDC,window=64,hop=1,stat=rms,idle_delta_ratio=0.35,reference=middle,xi=2.0,target_length=5000,merge_gap=32,fallback=False)",41,1.5,0.5,cast_iron,2026-05-28T16:20:56.557221+09:00,7440,True,2.3989328832025323,6769,reverse_kurtosis_AE_table
1,15,956,1604,6496,6604,9000,labeled,"peng2026_inspired(sensor=smcDC,window=64,hop=1,stat=rms,idle_delta_ratio=0.35,reference=middle,xi=2.0,target_length=5000,merge_gap=32,fallback=False)",44,1.5,0.5,cast_iron,2026-05-28T16:20:56.557221+09:00,6496,True,1.5283119154129368,6604,reverse_kurtosis_AE_table
1,16,880,1580,7280,6580,9000,labeled,"peng2026_inspired(sensor=smcDC,window=64,hop=1,stat=rms,idle_delta_ratio=0.35,reference=middle,xi=2.0,target_length=5000,merge_gap=32,fallback=False)",46,1.5,0.5,cast_iron,2026-06-08T20:13:40.861079+09:00,7280,True,1.269919647452092,6580,reverse_kurtosis_AE_table
1,17,689,1317,8464,6317,9000,labeled,"peng2026_inspired(sensor=smcDC,window=64,hop=1,stat=rms,idle_delta_ratio=0.35,reference=middle,xi=2.0,target_length=5000,merge_gap=32,fallback=False)",48,1.5,0.5,cast_iron,2026-05-28T16:20:56.557221+09:00,8464,True,5.428518339399243,6317,reverse_kurtosis_AE_table
2,2,912,2385,9000,7385,9000,labeled,"peng2026_inspired(sensor=smcDC,window=64,hop=1,stat=rms,idle_delta_ratio=0.35,reference=middle,xi=4.5,target_length=5000,merge_gap=32,fallback=False)",9,0.75,0.5,cast_iron,2026-05-28T16:20:56.557221+09:00,9000,False,0.3125889249688627,7385,reverse_kurtosis_AE_table
2,3,459,1938,6784,6938,9000,labeled,"peng2026_inspired(sensor=smcDC,window=64,hop=1,stat=rms,idle_delta_ratio=0.35,reference=middle,xi=3.0,target_length=5000,merge_gap=32,fallback=False)",12,0.75,0.5,cast_iron,2026-05-28T16:20:56.557221+09:00,6784,True,1.6615516603147569,6938,reverse_kurtosis_AE_table
2,4,1067,2489,6880,7489,9000,labeled,"peng2026_inspired(sensor=smcDC,window=64,hop=1,stat=rms,idle_delta_ratio=0.35,reference=middle,xi=3.5,target_length=5000,merge_gap=32,fallback=False)",15,0.75,0.5,cast_iron,2026-05-28T16:20:56.557221+09:00,6880,True,2.7275362669043903,7489,reverse_kurtosis_AE_table
2,5,932,2354,8032,7354,9000,labeled,"peng2026_inspired(sensor=smcDC,window=64,hop=1,stat=rms,idle_delta_ratio=0.35,reference=middle,xi=2.0,target_length=5000,merge_gap=32,fallback=False)",22,0.75,0.5,cast_iron,2026-05-28T16:20:56.557221+09:00,8032,True,2.78663604784874,7354,reverse_kurtosis_AE_table
2,6,840,2249,6816,7249,9000,labeled,"peng2026_inspired(sensor=smcDC,window=64,hop=1,stat=rms,idle_delta_ratio=0.35,reference=middle,xi=2.0,target_length=5000,merge_gap=32,fallback=False)",24,0.75,0.5,cast_iron,2026-06-08T20:13:41.286691+09:00,6816,True,1.010352557779743,7249,reverse_kurtosis_AE_table
2,7,848,2165,8448,7165,9000,labeled,"peng2026_inspired(sensor=smcDC,window=64,hop=1,stat=rms,idle_delta_ratio=0.35,reference=middle,xi=2.0,target_length=5000,merge_gap=32,fallback=False)",27,0.75,0.5,cast_iron,2026-05-28T16:20:56.557221+09:00,8448,True,4.932496237698393,7165,reverse_kurtosis_AE_table
2,8,835,2270,8560,7270,9000,labeled,"peng2026_inspired(sensor=smcDC,window=64,hop=1,stat=rms,idle_delta_ratio=0.35,reference=middle,xi=2.5,target_length=5000,merge_gap=32,fallback=False)",33,0.75,0.5,cast_iron,2026-05-28T16:20:56.557221+09:00,8560,True,4.602139739088171,7270,reverse_kurtosis_AE_table
2,9,757,2225,6208,7225,9000,labeled,"peng2026_inspired(sensor=smcDC,window=64,hop=1,stat=rms,idle_delta_ratio=0.35,reference=middle,xi=None,target_length=5000,merge_gap=32,fallback=rolling_std)",39,0.75,0.5,cast_iron,2026-05-28T16:20:56.557221+09:00,6208,True,2.5732297709276164,7225,reverse_kurtosis_AE_table
2,10,1813,3285,8224,8285,9000,labeled,"peng2026_inspired(sensor=smcDC,window=64,hop=1,stat=rms,idle_delta_ratio=0.35,reference=middle,xi=5.0,target_length=5000,merge_gap=32,fallback=False)",45,0.75,0.5,cast_iron,2026-05-28T16:20:56.557221+09:00,8224,True,1.519910874686001,8285,reverse_kurtosis_AE_table
2,11,911,2344,7728,7344,9000,labeled,"peng2026_inspired(sensor=smcDC,window=64,hop=1,stat=rms,idle_delta_ratio=0.35,reference=middle,xi=4.5,target_length=5000,merge_gap=32,fallback=False)",51,0.75,0.5,cast_iron,2026-05-28T16:20:56.557221+09:00,7728,True,2.5900495816017504,7344,reverse_kurtosis_AE_table
2,12,710,2204,8512,7204,9000,labeled,"peng2026_inspired(sensor=smcDC,window=64,hop=1,stat=rms,idle_delta_ratio=0.35,reference=middle,xi=None,target_length=5000,merge_gap=32,fallback=rolling_std)",59,0.75,0.5,cast_iron,2026-05-28T16:20:56.557221+09:00,8512,True,2.0116930187509716,7204,reverse_kurtosis_AE_table
2,13,796,2270,7488,7270,9000,labeled,"peng2026_inspired(sensor=smcDC,window=64,hop=1,stat=rms,idle_delta_ratio=0.35,reference=middle,xi=None,target_length=5000,merge_gap=32,fallback=rolling_std)",66,0.75,0.5,cast_iron,2026-05-28T16:20:56.557221+09:00,7488,True,2.4367922401306097,7270,reverse_kurtosis_AE_table
2,14,1585,3145,8528,8145,9000,labeled,"peng2026_inspired(sensor=smcDC,window=64,hop=1,stat=rms,idle_delta_ratio=0.35,reference=middle,xi=None,target_length=5000,merge_gap=32,fallback=rolling_std)",72,0.75,0.5,cast_iron,2026-05-28T16:20:56.557221+09:00,8528,True,1.5923446831611743,8145,reverse_kurtosis_AE_table
3,1,281,3998,7616,8998,9000,labeled,"peng2026_inspired(sensor=smcDC,window=64,hop=1,stat=rms,idle_delta_ratio=0.35,reference=middle,xi=2.0,target_length=5000,merge_gap=32,fallback=False)",0,0.75,0.25,cast_iron,2026-05-28T16:20:56.557221+09:00,7616,True,2.7976212008202737,8998,reverse_kurtosis_AE_table
3,2,1057,3980,6528,8980,9000,labeled,"peng2026_inspired(sensor=smcDC,window=64,hop=1,stat=rms,idle_delta_ratio=0.35,reference=middle,xi=2.0,target_length=5000,merge_gap=32,fallback=False)",3,0.75,0.25,cast_iron,2026-05-28T16:20:56.557221+09:00,6528,True,1.894282140348639,8980,reverse_kurtosis_AE_table
3,3,1109,3928,5872,8928,9000,labeled,"peng2026_inspired(sensor=smcDC,window=64,hop=1,stat=rms,idle_delta_ratio=0.35,reference=middle,xi=2.0,target_length=5000,merge_gap=32,fallback=False)",9,0.75,0.25,cast_iron,2026-05-28T16:20:56.557221+09:00,5872,True,1.9649090584651034,8928,reverse_kurtosis_AE_table
3,5,787,3968,7424,8968,9000,labeled,"peng2026_inspired(sensor=smcDC,window=64,hop=1,stat=rms,idle_delta_ratio=0.35,reference=middle,xi=2.0,target_length=5000,merge_gap=32,fallback=False)",21,0.75,0.25,cast_iron,2026-05-28T16:20:56.557221+09:00,7424,True,2.912402438080996,8968,reverse_kurtosis_AE_table
3,6,406,2740,7792,7740,9000,labeled,"peng2026_inspired(sensor=smcDC,window=64,hop=1,stat=rms,idle_delta_ratio=0.35,reference=middle,xi=2.0,target_length=5000,merge_gap=32,fallback=False)",27,0.75,0.25,cast_iron,2026-05-28T16:20:56.557221+09:00,7792,True,3.918121642017846,7740,reverse_kurtosis_AE_table
3,7,936,4000,7392,9000,9000,labeled,"peng2026_inspired(sensor=smcDC,window=64,hop=1,stat=rms,idle_delta_ratio=0.35,reference=middle,xi=2.0,target_length=5000,merge_gap=32,fallback=False)",33,0.75,0.25,cast_iron,2026-05-28T16:20:56.557221+09:00,7392,True,3.5543312018769884,9000,reverse_kurtosis_AE_table
3,8,637,4000,6064,9000,9000,labeled,"peng2026_inspired(sensor=smcDC,window=64,hop=1,stat=rms,idle_delta_ratio=0.35,reference=middle,xi=2.0,target_length=5000,merge_gap=32,fallback=False)",39,0.75,0.25,cast_iron,2026-05-28T16:20:56.557221+09:00,6064,True,2.2930021486494336,9000,reverse_kurtosis_AE_table
3,9,2077,4000,5952,9000,9000,labeled,"peng2026_inspired(sensor=smcDC,window=64,hop=1,stat=rms,idle_delta_ratio=0.35,reference=middle,xi=4.0,target_length=5000,merge_gap=32,fallback=False)",45,0.75,0.25,cast_iron,2026-05-28T16:20:56.557221+09:00,5952,True,2.551787104736614,9000,reverse_kurtosis_AE_table
3,10,720,3926,7328,8926,9000,labeled,"peng2026_inspired(sensor=smcDC,window=64,hop=1,stat=rms,idle_delta_ratio=0.35,reference=middle,xi=3.5,target_length=5000,merge_gap=32,fallback=False)",51,0.75,0.25,cast_iron,2026-05-28T16:20:56.557221+09:00,7328,True,13.203433162188814,8926,reverse_kurtosis_AE_table
3,11,832,3370,8368,8370,9000,labeled,"peng2026_inspired(sensor=smcDC,window=64,hop=1,stat=rms,idle_delta_ratio=0.35,reference=middle,xi=3.5,target_length=5000,merge_gap=32,fallback=False)",57,0.75,0.25,cast_iron,2026-05-28T16:20:56.557221+09:00,8368,True,2.352075515230929,8370,reverse_kurtosis_AE_table
3,12,857,3460,6208,8460,9000,labeled,"peng2026_inspired(sensor=smcDC,window=64,hop=1,stat=rms,idle_delta_ratio=0.35,reference=middle,xi=None,target_length=5000,merge_gap=32,fallback=rolling_std)",63,0.75,0.25,cast_iron,2026-05-28T16:20:56.557221+09:00,6208,True,3.324378540780224,8460,reverse_kurtosis_AE_table
3,14,963,2951,6496,7951,9000,labeled,"peng2026_inspired(sensor=smcDC,window=64,hop=1,stat=rms,idle_delta_ratio=0.35,reference=middle,xi=5.0,target_length=5000,merge_gap=32,fallback=False)",69,0.75,0.25,cast_iron,2026-05-28T16:20:56.557221+09:00,6496,True,5.571963545123181,7951,reverse_kurtosis_AE_table
3,15,1335,3946,6592,8946,9000,labeled,"peng2026_inspired(sensor=smcDC,window=64,hop=1,stat=rms,idle_delta_ratio=0.35,reference=middle,xi=None,target_length=5000,merge_gap=32,fallback=rolling_std)",75,0.75,0.25,cast_iron,2026-05-28T16:20:56.557221+09:00,6592,True,1.37472690913684,8946,reverse_kurtosis_AE_table
3,16,824,4000,7568,9000,9000,labeled,"peng2026_inspired(sensor=smcDC,window=64,hop=1,stat=rms,idle_delta_ratio=0.35,reference=middle,xi=3.5,target_length=5000,merge_gap=32,fallback=False)",81,0.75,0.25,cast_iron,2026-05-28T16:20:56.557221+09:00,7568,True,2.464834650184286,9000,reverse_kurtosis_AE_table
4,1,1139,3989,7888,8989,9000,labeled,"peng2026_inspired(sensor=smcDC,window=64,hop=1,stat=rms,idle_delta_ratio=0.35,reference=middle,xi=2.0,target_length=5000,merge_gap=32,fallback=False)",3,1.5,0.25,cast_iron,2026-05-28T16:20:56.557221+09:00,7888,True,1.7586916846359633,8989,reverse_kurtosis_AE_table
4,2,919,3950,6512,8950,9000,labeled,"peng2026_inspired(sensor=smcDC,window=64,hop=1,stat=rms,idle_delta_ratio=0.35,reference=middle,xi=2.5,target_length=5000,merge_gap=32,fallback=False)",9,1.5,0.25,cast_iron,2026-05-28T16:20:56.557221+09:00,6512,True,2.432433580674297,8950,reverse_kurtosis_AE_table
4,3,891,3633,9000,8633,9000,labeled,"peng2026_inspired(sensor=smcDC,window=64,hop=1,stat=rms,idle_delta_ratio=0.35,reference=middle,xi=2.5,target_length=5000,merge_gap=32,fallback=False)",15,1.5,0.25,cast_iron,2026-05-28T16:20:56.557221+09:00,9000,False,0.5269433940705672,8633,reverse_kurtosis_AE_table
4,4,876,3988,6320,8988,9000,labeled,"peng2026_inspired(sensor=smcDC,window=64,hop=1,stat=rms,idle_delta_ratio=0.35,reference=middle,xi=2.0,target_length=5000,merge_gap=32,fallback=False)",21,1.5,0.25,cast_iron,2026-05-28T16:20:56.557221+09:00,6320,True,3.619985236002378,8988,reverse_kurtosis_AE_table
4,5,1029,3346,6736,8346,9000,labeled,"peng2026_inspired(sensor=smcDC,window=64,hop=1,stat=rms,idle_delta_ratio=0.35,reference=middle,xi=2.0,target_length=5000,merge_gap=32,fallback=False)",27,1.5,0.25,cast_iron,2026-05-28T16:20:56.557221+09:00,6736,True,2.39582013203051,8346,reverse_kurtosis_AE_table
4,6,1062,3771,7248,8771,9000,labeled,"peng2026_inspired(sensor=smcDC,window=64,hop=1,stat=rms,idle_delta_ratio=0.35,reference=middle,xi=None,target_length=5000,merge_gap=32,fallback=rolling_std)",34,1.5,0.25,cast_iron,2026-05-28T16:20:56.557221+09:00,7248,True,2.252524728570712,8771,reverse_kurtosis_AE_table
4,7,833,3199,7808,8199,9000,labeled,"peng2026_inspired(sensor=smcDC,window=64,hop=1,stat=rms,idle_delta_ratio=0.35,reference=middle,xi=5.0,target_length=5000,merge_gap=32,fallback=False)",39,1.5,0.25,cast_iron,2026-05-28T16:20:56.557221+09:00,7808,True,2.661808894785311,8199,reverse_kurtosis_AE_table
5,1,495,2124,8416,7124,9000,labeled,"peng2026_inspired(sensor=smcDC,window=64,hop=1,stat=rms,idle_delta_ratio=0.35,reference=middle,xi=None,target_length=5000,merge_gap=32,fallback=rolling_std)",0,1.5,0.5,steel,2026-05-28T16:20:56.557221+09:00,8416,True,18.604679215271357,7124,reverse_kurtosis_AE_table
5,2,536,2260,8528,7260,9000,labeled,"peng2026_inspired(sensor=smcDC,window=64,hop=1,stat=rms,idle_delta_ratio=0.35,reference=middle,xi=None,target_length=5000,merge_gap=32,fallback=rolling_std)",3,1.5,0.5,steel,2026-05-28T16:20:56.557221+09:00,8528,True,13.845922375204536,7260,reverse_kurtosis_AE_table
5,3,662,2373,8608,7373,9000,labeled,"peng2026_inspired(sensor=smcDC,window=64,hop=1,stat=rms,idle_delta_ratio=0.35,reference=middle,xi=None,target_length=5000,merge_gap=32,fallback=rolling_std)",6,1.5,0.5,steel,2026-05-28T16:20:56.557221+09:00,8608,True,5.43797378481836,7373,reverse_kurtosis_AE_table
5,4,587,1195,8608,6195,9000,labeled,"peng2026_inspired(sensor=smcDC,window=64,hop=1,stat=rms,idle_delta_ratio=0.35,reference=middle,xi=2.0,target_length=5000,merge_gap=32,fallback=False)",9,1.5,0.5,steel,2026-05-28T16:20:56.557221+09:00,8608,True,18.28277501883396,6195,reverse_kurtosis_AE_table
5,5,477,1023,8496,6023,9000,labeled,"peng2026_inspired(sensor=smcDC,window=64,hop=1,stat=rms,idle_delta_ratio=0.35,reference=middle,xi=2.0,target_length=5000,merge_gap=32,fallback=False)",12,1.5,0.5,steel,2026-05-28T16:20:56.557221+09:00,8496,True,22.897380932488947,6023,reverse_kurtosis_AE_table
5,6,596,999,8512,5999,9000,labeled,"peng2026_inspired(sensor=smcDC,window=64,hop=1,stat=rms,idle_delta_ratio=0.35,reference=middle,xi=2.0,target_length=5000,merge_gap=32,fallback=False)",15,1.5,0.5,steel,2026-05-28T16:20:56.557221+09:00,8512,True,29.687537599760507,5999,reverse_kurtosis_AE_table
7,1,783,3227,9000,8227,9000,labeled,"peng2026_inspired(sensor=smcDC,window=64,hop=1,stat=rms,idle_delta_ratio=0.35,reference=middle,xi=2.0,target_length=5000,merge_gap=32,fallback=False)",1,0.75,0.25,steel,2026-05-28T16:20:56.557221+09:00,9000,False,0.9107211737403774,8227,reverse_kurtosis_AE_table
7,2,644,3053,9000,8053,9000,labeled,"peng2026_inspired(sensor=smcDC,window=64,hop=1,stat=rms,idle_delta_ratio=0.35,reference=middle,xi=2.0,target_length=5000,merge_gap=32,fallback=False)",3,0.75,0.25,steel,2026-05-28T16:20:56.557221+09:00,9000,False,0.518402199351804,8053,reverse_kurtosis_AE_table
7,3,948,3420,9000,8420,9000,labeled,"peng2026_inspired(sensor=smcDC,window=64,hop=1,stat=rms,idle_delta_ratio=0.35,reference=middle,xi=2.0,target_length=5000,merge_gap=32,fallback=False)",6,0.75,0.25,steel,2026-05-28T16:20:56.557221+09:00,9000,False,0.5806334928554509,8420,reverse_kurtosis_AE_table
7,4,734,3263,8064,8263,9000,labeled,"peng2026_inspired(sensor=smcDC,window=64,hop=1,stat=rms,idle_delta_ratio=0.35,reference=middle,xi=2.0,target_length=5000,merge_gap=32,fallback=False)",10,0.75,0.25,steel,2026-05-28T16:20:56.557221+09:00,8064,True,4.5709531638491585,8263,reverse_kurtosis_AE_table
7,5,1525,3957,9000,8957,9000,labeled,"peng2026_inspired(sensor=smcDC,window=64,hop=1,stat=rms,idle_delta_ratio=0.35,reference=middle,xi=2.0,target_length=5000,merge_gap=32,fallback=False)",13,0.75,0.25,steel,2026-05-28T16:20:56.557221+09:00,9000,False,0.7632296631100255,8957,reverse_kurtosis_AE_table
7,6,987,3530,9000,8530,9000,labeled,"peng2026_inspired(sensor=smcDC,window=64,hop=1,stat=rms,idle_delta_ratio=0.35,reference=middle,xi=2.0,target_length=5000,merge_gap=32,fallback=False)",15,0.75,0.25,steel,2026-05-28T16:20:56.557221+09:00,9000,False,0.6796695446424628,8530,reverse_kurtosis_AE_table
7,7,860,3361,9000,8361,9000,labeled,"peng2026_inspired(sensor=smcDC,window=64,hop=1,stat=rms,idle_delta_ratio=0.35,reference=middle,xi=3.0,target_length=5000,merge_gap=32,fallback=False)",19,0.75,0.25,steel,2026-05-28T16:20:56.557221+09:00,9000,False,0.9278667610917151,8361,reverse_kurtosis_AE_table
7,8,1100,3826,9000,8826,9000,labeled,"peng2026_inspired(sensor=smcDC,window=64,hop=1,stat=rms,idle_delta_ratio=0.35,reference=middle,xi=2.0,target_length=5000,merge_gap=32,fallback=False)",21,0.75,0.25,steel,2026-06-08T20:13:41.710194+09:00,9000,False,0.927763689070948,8826,reverse_kurtosis_AE_table
8,1,531,2049,8528,7049,9000,labeled,"peng2026_inspired(sensor=smcDC,window=64,hop=1,stat=rms,idle_delta_ratio=0.35,reference=middle,xi=2.0,target_length=5000,merge_gap=32,fallback=False)",0,0.75,0.5,steel,2026-05-28T16:20:56.557221+09:00,8528,True,9.703708286051251,7049,reverse_kurtosis_AE_table
8,2,585,2095,8512,7095,9000,labeled,"peng2026_inspired(sensor=smcDC,window=64,hop=1,stat=rms,idle_delta_ratio=0.35,reference=middle,xi=2.0,target_length=5000,merge_gap=32,fallback=False)",3,0.75,0.5,steel,2026-05-28T16:20:56.557221+09:00,8512,True,7.644798319085626,7095,reverse_kurtosis_AE_table
8,3,577,1867,6704,6867,9000,labeled,"peng2026_inspired(sensor=smcDC,window=64,hop=1,stat=rms,idle_delta_ratio=0.35,reference=middle,xi=2.0,target_length=5000,merge_gap=32,fallback=False)",6,0.75,0.5,steel,2026-05-28T16:20:56.557221+09:00,6704,True,4.936320560300674,6867,reverse_kurtosis_AE_table
8,4,562,2153,8544,7153,9000,labeled,"peng2026_inspired(sensor=smcDC,window=64,hop=1,stat=rms,idle_delta_ratio=0.35,reference=middle,xi=2.0,target_length=5000,merge_gap=32,fallback=False)",8,0.75,0.5,steel,2026-06-08T20:13:42.145518+09:00,8544,True,4.348687670099571,7153,reverse_kurtosis_AE_table
8,5,604,2232,8592,7232,9000,labeled,"peng2026_inspired(sensor=smcDC,window=64,hop=1,stat=rms,idle_delta_ratio=0.35,reference=middle,xi=2.5,target_length=5000,merge_gap=32,fallback=False)",9,0.75,0.5,steel,2026-05-28T16:20:56.557221+09:00,8592,True,4.471729130012503,7232,reverse_kurtosis_AE_table
8,6,545,2124,8512,7124,9000,labeled,"peng2026_inspired(sensor=smcDC,window=64,hop=1,stat=rms,idle_delta_ratio=0.35,reference=middle,xi=4.5,target_length=5000,merge_gap=32,fallback=False)",12,0.75,0.5,steel,2026-05-28T16:20:56.557221+09:00,8512,True,17.983077500941906,7124,reverse_kurtosis_AE_table
9,1,649,1673,5952,6673,9000,labeled,"peng2026_inspired(sensor=smcDC,window=64,hop=1,stat=rms,idle_delta_ratio=0.35,reference=middle,xi=4.0,target_length=5000,merge_gap=32,fallback=False)",1,1.5,0.5,cast_iron,2026-05-28T16:20:56.557221+09:00,5952,True,1.3667042985010214,6673,reverse_kurtosis_AE_table
9,2,663,2071,6416,7071,9000,labeled,"peng2026_inspired(sensor=smcDC,window=64,hop=1,stat=rms,idle_delta_ratio=0.35,reference=middle,xi=5.0,target_length=5000,merge_gap=32,fallback=False)",3,1.5,0.5,cast_iron,2026-05-28T16:20:56.557221+09:00,6416,True,2.076519998264361,7071,reverse_kurtosis_AE_table
9,3,594,1960,6256,6960,9000,labeled,"peng2026_inspired(sensor=smcDC,window=64,hop=1,stat=rms,idle_delta_ratio=0.35,reference=middle,xi=None,target_length=5000,merge_gap=32,fallback=rolling_std)",9,1.5,0.5,cast_iron,2026-05-28T16:20:56.557221+09:00,6256,True,6.062558162425421,6960,reverse_kurtosis_AE_table
9,4,656,1963,8448,6963,9000,labeled,"peng2026_inspired(sensor=smcDC,window=64,hop=1,stat=rms,idle_delta_ratio=0.35,reference=middle,xi=5.0,target_length=5000,merge_gap=32,fallback=False)",16,1.5,0.5,cast_iron,2026-05-28T16:20:56.557221+09:00,8448,True,9.258633646617998,6963,reverse_kurtosis_AE_table
9,5,727,1804,8512,6804,9000,labeled,"peng2026_inspired(sensor=smcDC,window=64,hop=1,stat=rms,idle_delta_ratio=0.35,reference=middle,xi=2.0,target_length=5000,merge_gap=32,fallback=False)",22,1.5,0.5,cast_iron,2026-05-28T16:20:56.557221+09:00,8512,True,5.710660442878597,6804,reverse_kurtosis_AE_table
9,6,691,1596,8416,6596,9000,labeled,"peng2026_inspired(sensor=smcDC,window=64,hop=1,stat=rms,idle_delta_ratio=0.35,reference=middle,xi=2.0,target_length=5000,merge_gap=32,fallback=False)",28,1.5,0.5,cast_iron,2026-05-28T16:20:56.557221+09:00,8416,True,7.889363042118235,6596,reverse_kurtosis_AE_table
9,7,695,1408,8496,6408,9000,labeled,"peng2026_inspired(sensor=smcDC,window=64,hop=1,stat=rms,idle_delta_ratio=0.35,reference=middle,xi=2.0,target_length=5000,merge_gap=32,fallback=False)",34,1.5,0.5,cast_iron,2026-05-28T16:20:56.557221+09:00,8496,True,11.400724047688398,6408,reverse_kurtosis_AE_table
9,8,696,1257,8496,6257,9000,labeled,"peng2026_inspired(sensor=smcDC,window=64,hop=1,stat=rms,idle_delta_ratio=0.35,reference=middle,xi=2.0,target_length=5000,merge_gap=32,fallback=False)",40,1.5,0.5,cast_iron,2026-05-28T16:20:56.557221+09:00,8496,True,14.805371188137727,6257,reverse_kurtosis_AE_table
9,9,579,1045,8368,6045,9000,labeled,"peng2026_inspired(sensor=smcDC,window=64,hop=1,stat=rms,idle_delta_ratio=0.35,reference=middle,xi=2.0,target_length=5000,merge_gap=32,fallback=False)",46,1.5,0.5,cast_iron,2026-05-28T16:20:56.557221+09:00,8368,True,3.456217890169004,6045,reverse_kurtosis_AE_table
10,1,1338,3972,6976,8972,9000,labeled,"peng2026_inspired(sensor=smcDC,window=64,hop=1,stat=rms,idle_delta_ratio=0.35,reference=middle,xi=2.5,target_length=5000,merge_gap=32,fallback=False)",0,1.5,0.25,cast_iron,2026-05-28T16:20:56.557221+09:00,6976,True,1.5110195788831469,8972,reverse_kurtosis_AE_table
10,2,1088,3993,6592,8993,9000,labeled,"peng2026_inspired(sensor=smcDC,window=64,hop=1,stat=rms,idle_delta_ratio=0.35,reference=middle,xi=2.0,target_length=5000,merge_gap=32,fallback=False)",4,1.5,0.25,cast_iron,2026-05-28T16:20:56.557221+09:00,6592,True,15.862312658026136,8993,reverse_kurtosis_AE_table
10,3,977,4000,8400,9000,9000,labeled,"peng2026_inspired(sensor=smcDC,window=64,hop=1,stat=rms,idle_delta_ratio=0.35,reference=middle,xi=2.0,target_length=5000,merge_gap=32,fallback=False)",9,1.5,0.25,cast_iron,2026-05-28T16:20:56.557221+09:00,8400,True,2.5989186935735,9000,reverse_kurtosis_AE_table
10,4,909,3980,6768,8980,9000,labeled,"peng2026_inspired(sensor=smcDC,window=64,hop=1,stat=rms,idle_delta_ratio=0.35,reference=middle,xi=2.0,target_length=5000,merge_gap=32,fallback=False)",15,1.5,0.25,cast_iron,2026-05-28T16:20:56.557221+09:00,6768,True,1.7061042200300673,8980,reverse_kurtosis_AE_table
10,5,1096,4000,7072,9000,9000,labeled,"peng2026_inspired(sensor=smcDC,window=64,hop=1,stat=rms,idle_delta_ratio=0.35,reference=middle,xi=3.0,target_length=5000,merge_gap=32,fallback=False)",21,1.5,0.25,cast_iron,2026-05-28T16:20:56.557221+09:00,7072,True,2.0231672390773467,9000,reverse_kurtosis_AE_table
10,6,1008,3847,6976,8847,9000,labeled,"peng2026_inspired(sensor=smcDC,window=64,hop=1,stat=rms,idle_delta_ratio=0.35,reference=middle,xi=None,target_length=5000,merge_gap=32,fallback=rolling_std)",27,1.5,0.25,cast_iron,2026-05-28T16:20:56.557221+09:00,6976,True,2.6216676711526867,8847,reverse_kurtosis_AE_table
10,7,897,3937,8240,8937,9000,labeled,"peng2026_inspired(sensor=smcDC,window=64,hop=1,stat=rms,idle_delta_ratio=0.35,reference=middle,xi=None,target_length=5000,merge_gap=32,fallback=rolling_std)",33,1.5,0.25,cast_iron,2026-05-28T16:20:56.557221+09:00,8240,True,1.0943280592835813,8937,reverse_kurtosis_AE_table
10,8,962,3416,6432,8416,9000,labeled,"peng2026_inspired(sensor=smcDC,window=64,hop=1,stat=rms,idle_delta_ratio=0.35,reference=middle,xi=2.0,target_length=5000,merge_gap=32,fallback=False)",39,1.5,0.25,cast_iron,2026-05-28T16:20:56.557221+09:00,6432,True,1.1535050896924215,8416,reverse_kurtosis_AE_table
10,9,908,3099,6304,8099,9000,labeled,"peng2026_inspired(sensor=smcDC,window=64,hop=1,stat=rms,idle_delta_ratio=0.35,reference=middle,xi=2.0,target_length=5000,merge_gap=32,fallback=False)",45,1.5,0.25,cast_iron,2026-05-28T16:20:56.557221+09:00,6304,True,2.253036766942793,8099,reverse_kurtosis_AE_table
10,10,2173,3935,7328,8935,9000,labeled,"peng2026_inspired(sensor=smcDC,window=64,hop=1,stat=rms,idle_delta_ratio=0.35,reference=middle,xi=2.0,target_length=5000,merge_gap=32,fallback=False)",57,1.5,0.25,cast_iron,2026-05-28T16:20:56.557221+09:00,7328,True,2.7486528770571916,8935,reverse_kurtosis_AE_table
11,1,1140,3967,8448,8967,9000,labeled,"peng2026_inspired(sensor=smcDC,window=64,hop=1,stat=rms,idle_delta_ratio=0.35,reference=middle,xi=2.0,target_length=5000,merge_gap=32,fallback=False)",1,0.75,0.25,cast_iron,2026-05-28T16:20:56.557221+09:00,8448,True,1.0350786499684748,8967,reverse_kurtosis_AE_table
11,2,1122,3962,8192,8962,9000,labeled,"peng2026_inspired(sensor=smcDC,window=64,hop=1,stat=rms,idle_delta_ratio=0.35,reference=middle,xi=2.0,target_length=5000,merge_gap=32,fallback=False)",3,0.75,0.25,cast_iron,2026-05-28T16:20:56.557221+09:00,8192,True,2.577988092587099,8962,reverse_kurtosis_AE_table
11,3,1063,3953,7248,8953,9000,labeled,"peng2026_inspired(sensor=smcDC,window=64,hop=1,stat=rms,idle_delta_ratio=0.35,reference=middle,xi=2.0,target_length=5000,merge_gap=32,fallback=False)",10,0.75,0.25,cast_iron,2026-05-28T16:20:56.557221+09:00,7248,True,1.3641698725662499,8953,reverse_kurtosis_AE_table
11,4,1010,3149,8032,8149,9000,labeled,"peng2026_inspired(sensor=smcDC,window=64,hop=1,stat=rms,idle_delta_ratio=0.35,reference=middle,xi=2.0,target_length=5000,merge_gap=32,fallback=False)",12,0.75,0.25,cast_iron,2026-05-28T16:20:56.557221+09:00,8032,True,2.216836418370175,8149,reverse_kurtosis_AE_table
11,5,928,3983,6672,8983,9000,labeled,"peng2026_inspired(sensor=smcDC,window=64,hop=1,stat=rms,idle_delta_ratio=0.35,reference=middle,xi=2.0,target_length=5000,merge_gap=32,fallback=False)",14,0.75,0.25,cast_iron,2026-05-28T16:20:56.557221+09:00,6672,True,1.5738667391702057,8983,reverse_kurtosis_AE_table
11,6,1131,3860,8176,8860,9000,labeled,"peng2026_inspired(sensor=smcDC,window=64,hop=1,stat=rms,idle_delta_ratio=0.35,reference=middle,xi=2.0,target_length=5000,merge_gap=32,fallback=False)",17,0.75,0.25,cast_iron,2026-05-28T16:20:56.557221+09:00,8176,True,2.36004134118172,8860,reverse_kurtosis_AE_table
11,7,849,3952,8128,8952,9000,labeled,"peng2026_inspired(sensor=smcDC,window=64,hop=1,stat=rms,idle_delta_ratio=0.35,reference=middle,xi=3.0,target_length=5000,merge_gap=32,fallback=False)",19,0.75,0.25,cast_iron,2026-06-08T20:13:42.560350+09:00,8128,True,1.7825828738953011,8952,reverse_kurtosis_AE_table
11,8,899,3409,7008,8409,9000,labeled,"peng2026_inspired(sensor=smcDC,window=64,hop=1,stat=rms,idle_delta_ratio=0.35,reference=middle,xi=3.0,target_length=5000,merge_gap=32,fallback=False)",21,0.75,0.25,cast_iron,2026-05-28T16:20:56.557221+09:00,7008,True,2.07411280727851,8409,reverse_kurtosis_AE_table
11,9,830,3416,7344,8416,9000,labeled,"peng2026_inspired(sensor=smcDC,window=64,hop=1,stat=rms,idle_delta_ratio=0.35,reference=middle,xi=2.0,target_length=5000,merge_gap=32,fallback=False)",27,0.75,0.25,cast_iron,2026-05-28T16:20:56.557221+09:00,7344,True,2.936081519487934,8416,reverse_kurtosis_AE_table
11,10,879,3661,7008,8661,9000,labeled,"peng2026_inspired(sensor=smcDC,window=64,hop=1,stat=rms,idle_delta_ratio=0.35,reference=middle,xi=2.0,target_length=5000,merge_gap=32,fallback=False)",33,0.75,0.25,cast_iron,2026-05-28T16:20:56.557221+09:00,7008,True,1.7120651063168466,8661,reverse_kurtosis_AE_table
11,11,635,3528,7648,8528,9000,labeled,"peng2026_inspired(sensor=smcDC,window=64,hop=1,stat=rms,idle_delta_ratio=0.35,reference=middle,xi=2.0,target_length=5000,merge_gap=32,fallback=False)",39,0.75,0.25,cast_iron,2026-05-28T16:20:56.557221+09:00,7648,True,2.6338641859496983,8528,reverse_kurtosis_AE_table
11,12,936,3584,7728,8584,9000,labeled,"peng2026_inspired(sensor=smcDC,window=64,hop=1,stat=rms,idle_delta_ratio=0.35,reference=middle,xi=2.0,target_length=5000,merge_gap=32,fallback=False)",45,0.75,0.25,cast_iron,2026-05-28T16:20:56.557221+09:00,7728,True,1.7593509387568518,8584,reverse_kurtosis_AE_table
11,13,664,3724,6288,8724,9000,labeled,"peng2026_inspired(sensor=smcDC,window=64,hop=1,stat=rms,idle_delta_ratio=0.35,reference=middle,xi=2.0,target_length=5000,merge_gap=32,fallback=False)",51,0.75,0.25,cast_iron,2026-05-28T16:20:56.557221+09:00,6288,True,12.247036876513395,8724,reverse_kurtosis_AE_table
11,14,686,3236,7424,8236,9000,labeled,"peng2026_inspired(sensor=smcDC,window=64,hop=1,stat=rms,idle_delta_ratio=0.35,reference=middle,xi=2.0,target_length=5000,merge_gap=32,fallback=False)",54,0.75,0.25,cast_iron,2026-06-08T20:13:42.992062+09:00,7424,True,3.0505804624695734,8236,reverse_kurtosis_AE_table
11,15,791,3915,6624,8915,9000,labeled,"peng2026_inspired(sensor=smcDC,window=64,hop=1,stat=rms,idle_delta_ratio=0.35,reference=middle,xi=2.0,target_length=5000,merge_gap=32,fallback=False)",57,0.75,0.25,cast_iron,2026-05-28T16:20:56.557221+09:00,6624,True,2.9163901979500735,8915,reverse_kurtosis_AE_table
11,16,848,3878,5888,8878,9000,labeled,"peng2026_inspired(sensor=smcDC,window=64,hop=1,stat=rms,idle_delta_ratio=0.35,reference=middle,xi=2.0,target_length=5000,merge_gap=32,fallback=False)",63,0.75,0.25,cast_iron,2026-05-28T16:20:56.557221+09:00,5888,True,2.0232511824581176,8878,reverse_kurtosis_AE_table
11,17,743,3859,8016,8859,9000,labeled,"peng2026_inspired(sensor=smcDC,window=64,hop=1,stat=rms,idle_delta_ratio=0.35,reference=middle,xi=2.0,target_length=5000,merge_gap=32,fallback=False)",67,0.75,0.25,cast_iron,2026-06-08T20:13:43.443951+09:00,8016,True,1.6513322311048566,8859,reverse_kurtosis_AE_table
11,18,628,3102,7472,8102,9000,labeled,"peng2026_inspired(sensor=smcDC,window=64,hop=1,stat=rms,idle_delta_ratio=0.35,reference=middle,xi=2.0,target_length=5000,merge_gap=32,fallback=False)",72,0.75,0.25,cast_iron,2026-05-28T16:20:56.557221+09:00,7472,True,3.6574771121895906,8102,reverse_kurtosis_AE_table
11,19,818,3550,6176,8550,9000,labeled,"peng2026_inspired(sensor=smcDC,window=64,hop=1,stat=rms,idle_delta_ratio=0.35,reference=middle,xi=2.5,target_length=5000,merge_gap=32,fallback=False)",80,0.75,0.25,cast_iron,2026-05-28T16:20:56.557221+09:00,6176,True,1.566920741619557,8550,reverse_kurtosis_AE_table
11,20,633,3744,8320,8744,9000,labeled,"peng2026_inspired(sensor=smcDC,window=64,hop=1,stat=rms,idle_delta_ratio=0.35,reference=middle,xi=None,target_length=5000,merge_gap=32,fallback=rolling_std)",86,0.75,0.25,cast_iron,2026-05-28T16:20:56.557221+09:00,8320,True,3.098930813460368,8744,reverse_kurtosis_AE_table
11,21,862,3725,6624,8725,9000,labeled,"peng2026_inspired(sensor=smcDC,window=64,hop=1,stat=rms,idle_delta_ratio=0.35,reference=middle,xi=2.5,target_length=5000,merge_gap=32,fallback=False)",93,0.75,0.25,cast_iron,2026-05-28T16:20:56.557221+09:00,6624,True,2.052643200137532,8725,reverse_kurtosis_AE_table
11,22,768,3560,7040,8560,9000,labeled,"peng2026_inspired(sensor=smcDC,window=64,hop=1,stat=rms,idle_delta_ratio=0.35,reference=middle,xi=None,target_length=5000,merge_gap=32,fallback=rolling_std)",100,0.75,0.25,cast_iron,2026-05-28T16:20:56.557221+09:00,7040,True,2.164299481037073,8560,reverse_kurtosis_AE_table
11,23,1346,3662,8304,8662,9000,labeled,"peng2026_inspired(sensor=smcDC,window=64,hop=1,stat=rms,idle_delta_ratio=0.35,reference=middle,xi=None,target_length=5000,merge_gap=32,fallback=rolling_std)",105,0.75,0.25,cast_iron,2026-05-28T16:20:56.557221+09:00,8304,True,2.8081151209476665,8662,reverse_kurtosis_AE_table
12,2,653,2116,7008,7116,9000,labeled,"peng2026_inspired(sensor=smcDC,window=64,hop=1,stat=rms,idle_delta_ratio=0.35,reference=middle,xi=2.0,target_length=5000,merge_gap=32,fallback=False)",3,0.75,0.5,cast_iron,2026-05-28T16:20:56.557221+09:00,7008,True,2.4209237669451937,7116,reverse_kurtosis_AE_table
12,3,462,1911,6416,6911,9000,labeled,"peng2026_inspired(sensor=smcDC,window=64,hop=1,stat=rms,idle_delta_ratio=0.35,reference=middle,xi=2.0,target_length=5000,merge_gap=32,fallback=False)",6,0.75,0.5,cast_iron,2026-05-28T16:20:56.557221+09:00,6416,True,3.4669954287603124,6911,reverse_kurtosis_AE_table
12,4,512,1847,6320,6847,9000,labeled,"peng2026_inspired(sensor=smcDC,window=64,hop=1,stat=rms,idle_delta_ratio=0.35,reference=middle,xi=2.0,target_length=5000,merge_gap=32,fallback=False)",12,0.75,0.5,cast_iron,2026-06-08T20:13:43.876093+09:00,6320,True,1.4182815840261902,6847,reverse_kurtosis_AE_table
12,5,547,1936,8256,6936,9000,labeled,"peng2026_inspired(sensor=smcDC,window=64,hop=1,stat=rms,idle_delta_ratio=0.35,reference=middle,xi=2.0,target_length=5000,merge_gap=32,fallback=False)",19,0.75,0.5,cast_iron,2026-05-28T16:20:56.557221+09:00,8256,True,6.660513837217457,6936,reverse_kurtosis_AE_table
12,6,598,2145,6144,7145,9000,labeled,"peng2026_inspired(sensor=smcDC,window=64,hop=1,stat=rms,idle_delta_ratio=0.35,reference=middle,xi=2.0,target_length=5000,merge_gap=32,fallback=False)",24,0.75,0.5,cast_iron,2026-05-28T16:20:56.557221+09:00,6144,True,4.768613540686896,7145,reverse_kurtosis_AE_table
12,7,557,1871,8064,6871,9000,labeled,"peng2026_inspired(sensor=smcDC,window=64,hop=1,stat=rms,idle_delta_ratio=0.35,reference=middle,xi=2.0,target_length=5000,merge_gap=32,fallback=False)",30,0.75,0.5,cast_iron,2026-05-28T16:20:56.557221+09:00,8064,True,1.678493505742809,6871,reverse_kurtosis_AE_table
12,8,532,1990,8576,6990,9000,labeled,"peng2026_inspired(sensor=smcDC,window=64,hop=1,stat=rms,idle_delta_ratio=0.35,reference=middle,xi=2.0,target_length=5000,merge_gap=32,fallback=False)",36,0.75,0.5,cast_iron,2026-05-28T16:20:56.557221+09:00,8576,True,1.2484337744523086,6990,reverse_kurtosis_AE_table
12,9,481,2052,8352,7052,9000,labeled,"peng2026_inspired(sensor=smcDC,window=64,hop=1,stat=rms,idle_delta_ratio=0.35,reference=middle,xi=5.0,target_length=5000,merge_gap=32,fallback=False)",42,0.75,0.5,cast_iron,2026-05-28T16:20:56.557221+09:00,8352,True,3.488564928767867,7052,reverse_kurtosis_AE_table
12,10,421,2019,8320,7019,9000,labeled,"peng2026_inspired(sensor=smcDC,window=64,hop=1,stat=rms,idle_delta_ratio=0.35,reference=middle,xi=None,target_length=5000,merge_gap=32,fallback=rolling_std)",45,0.75,0.5,cast_iron,2026-06-08T20:13:44.347137+09:00,8320,True,4.072546894596607,7019,reverse_kurtosis_AE_table
12,11,590,1983,8320,6983,9000,labeled,"peng2026_inspired(sensor=smcDC,window=64,hop=1,stat=rms,idle_delta_ratio=0.35,reference=middle,xi=None,target_length=5000,merge_gap=32,fallback=rolling_std)",49,0.75,0.5,cast_iron,2026-05-28T16:20:56.557221+09:00,8320,True,2.0329625485560694,6983,reverse_kurtosis_AE_table
12,12,701,1221,8352,6221,9000,labeled,"peng2026_inspired(sensor=smcDC,window=64,hop=1,stat=rms,idle_delta_ratio=0.35,reference=middle,xi=None,target_length=5000,merge_gap=32,fallback=rolling_std)",55,0.75,0.5,cast_iron,2026-05-28T16:20:56.557221+09:00,8352,True,1.7351831100231032,6221,reverse_kurtosis_AE_table
12,13,701,2102,6896,7102,9000,labeled,"peng2026_inspired(sensor=smcDC,window=64,hop=1,stat=rms,idle_delta_ratio=0.35,reference=middle,xi=None,target_length=5000,merge_gap=32,fallback=rolling_std)",61,0.75,0.5,cast_iron,2026-05-28T16:20:56.557221+09:00,6896,True,1.7008437761377404,7102,reverse_kurtosis_AE_table
12,14,603,1942,8320,6942,9000,labeled,"peng2026_inspired(sensor=smcDC,window=64,hop=1,stat=rms,idle_delta_ratio=0.35,reference=middle,xi=None,target_length=5000,merge_gap=32,fallback=rolling_std)",67,0.75,0.5,cast_iron,2026-05-28T16:20:56.557221+09:00,8320,True,2.210772691987681,6942,reverse_kurtosis_AE_table
12,15,512,1939,8256,6939,9000,labeled,"peng2026_inspired(sensor=smcDC,window=64,hop=1,stat=rms,idle_delta_ratio=0.35,reference=middle,xi=None,target_length=5000,merge_gap=32,fallback=rolling_std)",74,0.75,0.5,cast_iron,2026-05-28T16:20:56.557221+09:00,8256,True,1.893153745007303,6939,reverse_kurtosis_AE_table
13,1,1457,4000,6464,9000,9000,labeled,"peng2026_inspired(sensor=smcDC,window=64,hop=1,stat=rms,idle_delta_ratio=0.35,reference=middle,xi=2.0,target_length=5000,merge_gap=32,fallback=False)",1,0.75,0.25,steel,2026-06-08T20:13:44.763118+09:00,6464,True,2.0591009873096033,9000,reverse_kurtosis_AE_table
13,2,733,3986,7904,8986,9000,labeled,"peng2026_inspired(sensor=smcDC,window=64,hop=1,stat=rms,idle_delta_ratio=0.35,reference=middle,xi=2.0,target_length=5000,merge_gap=32,fallback=False)",2,0.75,0.25,steel,2026-06-08T20:13:45.219972+09:00,7904,True,1.2718856092595978,8986,reverse_kurtosis_AE_table
13,3,668,3662,5920,8662,9000,labeled,"peng2026_inspired(sensor=smcDC,window=64,hop=1,stat=rms,idle_delta_ratio=0.35,reference=middle,xi=2.0,target_length=5000,merge_gap=32,fallback=False)",4,0.75,0.25,steel,2026-05-28T16:20:56.557221+09:00,5920,True,1.1362323747868759,8662,reverse_kurtosis_AE_table
13,4,618,3892,7472,8892,9000,labeled,"peng2026_inspired(sensor=smcDC,window=64,hop=1,stat=rms,idle_delta_ratio=0.35,reference=middle,xi=2.0,target_length=5000,merge_gap=32,fallback=False)",7,0.75,0.25,steel,2026-05-28T16:20:56.557221+09:00,7472,True,1.2671235348281205,8892,reverse_kurtosis_AE_table
13,5,926,3885,9000,8885,9000,labeled,"peng2026_inspired(sensor=smcDC,window=64,hop=1,stat=rms,idle_delta_ratio=0.35,reference=middle,xi=2.0,target_length=5000,merge_gap=32,fallback=False)",11,0.75,0.25,steel,2026-05-28T16:20:56.557221+09:00,9000,False,0.5287217752218981,8885,reverse_kurtosis_AE_table
13,6,739,3978,7248,8978,9000,labeled,"peng2026_inspired(sensor=smcDC,window=64,hop=1,stat=rms,idle_delta_ratio=0.35,reference=middle,xi=2.0,target_length=5000,merge_gap=32,fallback=False)",16,0.75,0.25,steel,2026-05-28T16:20:56.557221+09:00,7248,True,1.1434986650634775,8978,reverse_kurtosis_AE_table
13,7,483,3145,9000,8145,9000,labeled,"peng2026_inspired(sensor=smcDC,window=64,hop=1,stat=rms,idle_delta_ratio=0.35,reference=middle,xi=2.0,target_length=5000,merge_gap=32,fallback=False)",19,0.75,0.25,steel,2026-05-28T16:20:56.557221+09:00,9000,False,0.48059804389141697,8145,reverse_kurtosis_AE_table
13,8,745,3432,9000,8432,9000,labeled,"peng2026_inspired(sensor=smcDC,window=64,hop=1,stat=rms,idle_delta_ratio=0.35,reference=middle,xi=2.0,target_length=5000,merge_gap=32,fallback=False)",22,0.75,0.25,steel,2026-05-28T16:20:56.557221+09:00,9000,False,0.8525351208611944,8432,reverse_kurtosis_AE_table
13,9,907,3847,9000,8847,9000,labeled,"peng2026_inspired(sensor=smcDC,window=64,hop=1,stat=rms,idle_delta_ratio=0.35,reference=middle,xi=2.0,target_length=5000,merge_gap=32,fallback=False)",25,0.75,0.25,steel,2026-05-28T16:20:56.557221+09:00,9000,False,0.7380266987634566,8847,reverse_kurtosis_AE_table
13,10,704,3897,7664,8897,9000,labeled,"peng2026_inspired(sensor=smcDC,window=64,hop=1,stat=rms,idle_delta_ratio=0.35,reference=middle,xi=2.0,target_length=5000,merge_gap=32,fallback=False)",29,0.75,0.25,steel,2026-05-28T16:20:56.557221+09:00,7664,True,1.0110125347172145,8897,reverse_kurtosis_AE_table
13,11,461,3714,9000,8714,9000,labeled,"peng2026_inspired(sensor=smcDC,window=64,hop=1,stat=rms,idle_delta_ratio=0.35,reference=middle,xi=2.0,target_length=5000,merge_gap=32,fallback=False)",32,0.75,0.25,steel,2026-05-28T16:20:56.557221+09:00,9000,False,0.9673877058979871,8714,reverse_kurtosis_AE_table
13,12,618,3339,9000,8339,9000,labeled,"peng2026_inspired(sensor=smcDC,window=64,hop=1,stat=rms,idle_delta_ratio=0.35,reference=middle,xi=2.0,target_length=5000,merge_gap=32,fallback=False)",35,0.75,0.25,steel,2026-05-28T16:20:56.557221+09:00,9000,False,0.6967901775318555,8339,reverse_kurtosis_AE_table
13,13,697,3393,9000,8393,9000,labeled,"peng2026_inspired(sensor=smcDC,window=64,hop=1,stat=rms,idle_delta_ratio=0.35,reference=middle,xi=None,target_length=5000,merge_gap=32,fallback=rolling_std)",38,0.75,0.25,steel,2026-05-28T16:20:56.557221+09:00,9000,False,0.45311801706635557,8393,reverse_kurtosis_AE_table
13,14,808,3078,6064,8078,9000,labeled,"peng2026_inspired(sensor=smcDC,window=64,hop=1,stat=rms,idle_delta_ratio=0.35,reference=middle,xi=2.0,target_length=5000,merge_gap=32,fallback=False)",42,0.75,0.25,steel,2026-05-28T16:20:56.557221+09:00,6064,True,1.0396118220676789,8078,reverse_kurtosis_AE_table
13,15,492,2814,9000,7814,9000,labeled,"peng2026_inspired(sensor=smcDC,window=64,hop=1,stat=rms,idle_delta_ratio=0.35,reference=middle,xi=2.0,target_length=5000,merge_gap=32,fallback=False)",45,0.75,0.25,steel,2026-05-28T16:20:56.557221+09:00,9000,False,0.7903414087278497,7814,reverse_kurtosis_AE_table
14,1,779,1849,7104,6849,9000,labeled,"peng2026_inspired(sensor=smcDC,window=64,hop=1,stat=rms,idle_delta_ratio=0.35,reference=middle,xi=2.5,target_length=5000,merge_gap=32,fallback=False)",1,0.75,0.5,steel,2026-06-08T20:13:45.651708+09:00,7104,True,4.269415190938133,6849,reverse_kurtosis_AE_table
14,2,355,1500,8336,6500,9000,labeled,"peng2026_inspired(sensor=smcDC,window=64,hop=1,stat=rms,idle_delta_ratio=0.35,reference=middle,xi=2.0,target_length=5000,merge_gap=32,fallback=False)",3,0.75,0.5,steel,2026-05-28T16:20:56.557221+09:00,8336,True,7.705980983489884,6500,reverse_kurtosis_AE_table
14,3,558,2142,6832,7142,9000,labeled,"peng2026_inspired(sensor=smcDC,window=64,hop=1,stat=rms,idle_delta_ratio=0.35,reference=middle,xi=2.0,target_length=5000,merge_gap=32,fallback=False)",6,0.75,0.5,steel,2026-05-28T16:20:56.557221+09:00,6832,True,4.4232374796760725,7142,reverse_kurtosis_AE_table
14,4,586,2231,8560,7231,9000,labeled,"peng2026_inspired(sensor=smcDC,window=64,hop=1,stat=rms,idle_delta_ratio=0.35,reference=middle,xi=4.5,target_length=5000,merge_gap=32,fallback=False)",9,0.75,0.5,steel,2026-05-28T16:20:56.557221+09:00,8560,True,6.418601711805812,7231,reverse_kurtosis_AE_table
14,5,593,2155,8560,7155,9000,labeled,"peng2026_inspired(sensor=smcDC,window=64,hop=1,stat=rms,idle_delta_ratio=0.35,reference=middle,xi=4.0,target_length=5000,merge_gap=32,fallback=False)",11,0.75,0.5,steel,2026-06-08T20:13:46.072005+09:00,8560,True,7.868155854381795,7155,reverse_kurtosis_AE_table
14,6,541,2042,8432,7042,9000,labeled,"peng2026_inspired(sensor=smcDC,window=64,hop=1,stat=rms,idle_delta_ratio=0.35,reference=middle,xi=2.0,target_length=5000,merge_gap=32,fallback=False)",12,0.75,0.5,steel,2026-05-28T16:20:56.557221+09:00,8432,True,18.698618391853106,7042,reverse_kurtosis_AE_table
14,8,547,1741,8496,6741,9000,labeled,"peng2026_inspired(sensor=smcDC,window=64,hop=1,stat=rms,idle_delta_ratio=0.35,reference=middle,xi=2.0,target_length=5000,merge_gap=32,fallback=False)",18,0.75,0.5,steel,2026-05-28T16:20:56.557221+09:00,8496,True,16.72989270968488,6741,reverse_kurtosis_AE_table
14,9,603,1465,8528,6465,9000,labeled,"peng2026_inspired(sensor=smcDC,window=64,hop=1,stat=rms,idle_delta_ratio=0.35,reference=middle,xi=2.0,target_length=5000,merge_gap=32,fallback=False)",21,0.75,0.5,steel,2026-05-28T16:20:56.557221+09:00,8528,True,4.426883040326599,6465,reverse_kurtosis_AE_table
14,10,545,1319,8416,6319,9000,labeled,"peng2026_inspired(sensor=smcDC,window=64,hop=1,stat=rms,idle_delta_ratio=0.35,reference=middle,xi=2.0,target_length=5000,merge_gap=32,fallback=False)",24,0.75,0.5,steel,2026-05-28T16:20:56.557221+09:00,8416,True,14.493844297498933,6319,reverse_kurtosis_AE_table
15,1,864,3918,9000,8918,9000,labeled,"peng2026_inspired(sensor=smcDC,window=64,hop=1,stat=rms,idle_delta_ratio=0.35,reference=middle,xi=2.0,target_length=5000,merge_gap=32,fallback=False)",1,1.5,0.25,steel,2026-06-08T20:13:46.495856+09:00,9000,False,0.9129127394377397,8918,reverse_kurtosis_AE_table
15,2,755,3477,9000,8477,9000,labeled,"peng2026_inspired(sensor=smcDC,window=64,hop=1,stat=rms,idle_delta_ratio=0.35,reference=middle,xi=2.0,target_length=5000,merge_gap=32,fallback=False)",3,1.5,0.25,steel,2026-05-28T16:20:56.557221+09:00,9000,False,0.5569738932441521,8477,reverse_kurtosis_AE_table
15,3,847,3237,9000,8237,9000,labeled,"peng2026_inspired(sensor=smcDC,window=64,hop=1,stat=rms,idle_delta_ratio=0.35,reference=middle,xi=4.0,target_length=5000,merge_gap=32,fallback=False)",6,1.5,0.25,steel,2026-05-28T16:20:56.557221+09:00,9000,False,0.4366062537040618,8237,reverse_kurtosis_AE_table
15,4,896,3993,9000,8993,9000,labeled,"peng2026_inspired(sensor=smcDC,window=64,hop=1,stat=rms,idle_delta_ratio=0.35,reference=middle,xi=2.0,target_length=5000,merge_gap=32,fallback=False)",9,1.5,0.25,steel,2026-05-28T16:20:56.557221+09:00,9000,False,0.5243872324123615,8993,reverse_kurtosis_AE_table
15,5,758,3617,9000,8617,9000,labeled,"peng2026_inspired(sensor=smcDC,window=64,hop=1,stat=rms,idle_delta_ratio=0.35,reference=middle,xi=2.5,target_length=5000,merge_gap=32,fallback=False)",13,1.5,0.25,steel,2026-05-28T16:20:56.557221+09:00,9000,False,0.6115587892398108,8617,reverse_kurtosis_AE_table
15,6,732,3868,9000,8868,9000,labeled,"peng2026_inspired(sensor=smcDC,window=64,hop=1,stat=rms,idle_delta_ratio=0.35,reference=middle,xi=2.5,target_length=5000,merge_gap=32,fallback=False)",16,1.5,0.25,steel,2026-05-28T16:20:56.557221+09:00,9000,False,0.6797087910720416,8868,reverse_kurtosis_AE_table
15,7,807,2518,9000,7518,9000,labeled,"peng2026_inspired(sensor=smcDC,window=64,hop=1,stat=rms,idle_delta_ratio=0.35,reference=middle,xi=2.0,target_length=5000,merge_gap=32,fallback=False)",19,1.5,0.25,steel,2026-05-28T16:20:56.557221+09:00,9000,False,0.6084925403158645,7518,reverse_kurtosis_AE_table
16,1,612,2208,6880,7208,9000,labeled,"peng2026_inspired(sensor=smcDC,window=64,hop=1,stat=rms,idle_delta_ratio=0.35,reference=middle,xi=None,target_length=5000,merge_gap=32,fallback=rolling_std)",1,1.5,0.5,steel,2026-06-08T20:13:46.941165+09:00,6880,True,5.260985685764362,7208,reverse_kurtosis_AE_table
16,2,508,1558,8480,6558,9000,labeled,"peng2026_inspired(sensor=smcDC,window=64,hop=1,stat=rms,idle_delta_ratio=0.35,reference=middle,xi=2.0,target_length=5000,merge_gap=32,fallback=False)",2,1.5,0.5,steel,2026-06-08T20:13:47.369976+09:00,8480,True,19.80540428247783,6558,reverse_kurtosis_AE_table
16,3,738,1534,8608,6534,9000,labeled,"peng2026_inspired(sensor=smcDC,window=64,hop=1,stat=rms,idle_delta_ratio=0.35,reference=middle,xi=2.0,target_length=5000,merge_gap=32,fallback=False)",3,1.5,0.5,steel,2026-05-28T16:20:56.557221+09:00,8608,True,8.676764910025915,6534,reverse_kurtosis_AE_table
16,4,625,1250,8576,6250,9000,labeled,"peng2026_inspired(sensor=smcDC,window=64,hop=1,stat=rms,idle_delta_ratio=0.35,reference=middle,xi=2.0,target_length=5000,merge_gap=32,fallback=False)",4,1.5,0.5,steel,2026-06-08T20:13:47.802891+09:00,8576,True,27.743513859597364,6250,reverse_kurtosis_AE_table
16,5,513,1164,8512,6164,9000,labeled,"peng2026_inspired(sensor=smcDC,window=64,hop=1,stat=rms,idle_delta_ratio=0.35,reference=middle,xi=2.0,target_length=5000,merge_gap=32,fallback=False)",6,1.5,0.5,steel,2026-05-28T16:20:56.557221+09:00,8512,True,35.826014572613424,6164,reverse_kurtosis_AE_table
16,6,617,1146,8528,6146,9000,labeled,"peng2026_inspired(sensor=smcDC,window=64,hop=1,stat=rms,idle_delta_ratio=0.35,reference=middle,xi=2.0,target_length=5000,merge_gap=32,fallback=False)",9,1.5,0.5,steel,2026-05-28T16:20:56.557221+09:00,8528,True,36.433345678747706,6146,reverse_kurtosis_AE_table
